game_id,TEAM_ID,TEAM_ABBREVIATION,TEAM_CITY,PLAYER_ID,player,START_POSITION,COMMENT,MIN,E_OFF_RATING,OFF_RATING,E_DEF_RATING,DEF_RATING,E_NET_RATING,NET_RATING,AST_PCT,AST_TOV,AST_RATIO,OREB_PCT,DREB_PCT,REB_PCT,TM_TOV_PCT,EFG_PCT,TS_PCT,USG_PCT,E_USG_PCT,E_PACE,PACE,PACE_PER40,POSS,PIE,game_date,season,Team,Relinquished,Notes
21000212,1610612738.0,BOS,Boston,2753.0,Delonte West,,,11.916666666666666,66.7,66.7,117.0,104.3,-50.3,-37.7,0.4,0.0,33.3,0.0,0.0,0.0,0.0,0.5,0.5,0.16,0.16699999999999998,83.62,88.62,73.85,21.0,0.154,2010-11-24,2010-11,Celtics,Delonte West,broken right wrist (out indefinitely)
21000224,1610612761.0,TOR,Toronto,2501.0,Reggie Evans,F,,20.216666666666665,82.8,78.6,129.5,130.0,-46.7,-51.4,0.0,0.0,0.0,0.13,0.273,0.17600000000000002,16.7,0.667,0.6729999999999999,0.122,0.128,94.97,97.35,81.12,42.0,0.094,2010-11-26,2010-11,Raptors,Reggie Evans,broken right foot (out indefinitely)
21000342,1610612754.0,IND,Indiana,1902.0,Jeff Foster,,,3.4833333333333334,114.2,150.0,111.1,114.3,3.1,35.7,0.0,0.0,0.0,0.0,0.0,0.0,0.0,0.5,0.5,0.25,0.254,104.15,89.78,74.82,6.0,0.1,2010-12-11,2010-11,Pacers,Jeff Foster,placed on IL
21000342,1610612737.0,ATL,Atlanta,2585.0,Zaza Pachulia,,,5.883333333333334,107.8,110.0,108.7,127.3,-0.9,-17.3,0.33299999999999996,1.0,50.0,0.2,0.16699999999999998,0.182,50.0,0.0,0.0,0.083,0.08199999999999999,94.15,85.67,71.39,10.0,0.057,2010-12-11,2010-11,Hawks,Zaza Pachulia,placed on IL with illness
21000345,1610612741.0,CHI,Chicago,703.0,Kurt Thomas,,,3.3333333333333335,116.3,100.0,88.8,85.7,27.5,14.3,0.5,0.0,50.0,0.0,0.16699999999999998,0.14300000000000002,0.0,1.0,1.0,0.125,0.145,98.21,108.0,90.0,8.0,0.33299999999999996,2010-12-11,2010-11,Bulls,Kurt Thomas,placed on IL
21000370,1610612741.0,CHI,Chicago,201149.0,Joakim Noah,C,,26.216666666666665,124.7,129.2,81.7,78.0,43.0,51.2,0.0,0.0,0.0,0.14300000000000002,0.258,0.212,20.0,0.667,0.7090000000000001,0.175,0.17300000000000001,89.24,89.71,74.76,48.0,0.16899999999999998,2010-12-15,2010-11,Bulls,Joakim Noah,torn ligament in right thumb (out indefinitely)
21000578,1610612761.0,TOR,Toronto,2571.0,Leandro Barbosa,,,9.466666666666667,119.6,115.8,131.0,130.0,-11.5,-14.2,0.2,1.0,14.3,0.0,0.111,0.05,14.3,0.25,0.205,0.25,0.256,96.96,98.89,82.41,19.0,-0.087,2011-01-14,2010-11,Raptors,Leandro Barbosa,strained right hamstring (DTD)
21000580,1610612752.0,NYK,New York,101142.0,Ronny Turiaf,C,,15.933333333333334,88.3,87.9,82.4,82.4,6.0,5.5,0.0,0.0,0.0,0.053,0.174,0.11900000000000001,0.0,0.33299999999999996,0.33299999999999996,0.081,0.081,100.68,100.92,84.1,33.0,0.12,2011-01-14,2010-11,Knicks,Ronny Turiaf,right hip pointer (DTD)
21000581,1610612759.0,SAS,San Antonio,2588.0,Matt Bonner,,,7.9,133.2,123.5,75.6,76.5,57.7,47.1,0.0,0.0,0.0,0.0,0.182,0.111,0.0,1.5,1.5,0.105,0.113,100.13,103.29,86.08,17.0,0.262,2011-01-14,2010-11,Spurs,Matt Bonner,sore right knee (DTD)
21000629,1610612765.0,DET,Detroit,101111.0,Charlie Villanueva,,,10.25,95.7,89.5,90.1,94.1,5.6,-4.6,0.0,0.0,0.0,0.0,0.16699999999999998,0.083,0.0,0.0,0.0,0.13,0.145,83.17,84.29,70.24,19.0,-0.087,2011-01-21,2010-11,Pistons,Charlie Villanueva,sprained left ankle (DTD)
21000630,1610612761.0,TOR,Toronto,201595.0,Joey Dorsey,F,,15.066666666666666,68.7,67.9,108.1,111.1,-39.3,-43.3,0.0,0.0,0.0,0.05,0.294,0.162,0.0,0.0,0.0,0.065,0.065,88.27,87.63,73.03,28.0,0.026000000000000002,2011-01-21,2010-11,Raptors,Joey Dorsey,sore right knee (DTD)
21000632,1610612738.0,BOS,Boston,406.0,Shaquille O'Neal,C,,6.316666666666666,144.6,141.7,92.9,83.3,51.6,58.3,0.2,0.0,50.0,0.0,0.0,0.0,0.0,1.0,1.0,0.083,0.085,85.56,91.19,75.99,12.0,0.107,2011-01-21,2010-11,Celtics,Shaquille O'Neal,hip injury (DTD)
21000634,1610612764.0,WAS,Washington,2550.0,Kirk Hinrich,,,12.883333333333333,105.0,100.0,81.9,89.3,23.1,10.7,0.28600000000000003,1.0,22.2,0.0,0.125,0.069,22.2,0.8,0.8,0.233,0.243,103.03,100.65,83.87,26.0,0.14800000000000002,2011-01-21,2010-11,Wizards,Kirk Hinrich,sprained elbow (DTD)
21000646,1610612759.0,SAS,San Antonio,201588.0,George Hill,,,19.416666666666668,69.1,69.7,100.7,100.0,-31.6,-30.3,0.0,0.0,0.0,0.0,0.053,0.027000000000000003,12.5,0.41700000000000004,0.515,0.222,0.22699999999999998,82.86,82.82,69.01,33.0,0.107,2011-01-22,2010-11,Spurs,George Hill,sprained right thumb (DNP)
21000646,1610612740.0,NOH,New Orleans,2772.0,Trevor Ariza,F,,25.933333333333334,109.2,108.5,53.9,54.3,55.3,54.2,0.071,0.5,8.3,0.0,0.276,0.136,16.7,0.875,0.805,0.193,0.19399999999999998,86.18,86.07,71.72,47.0,0.28800000000000003,2011-01-22,2010-11,Hornets,Trevor Ariza,right knee tendinitis (DNP)
21000689,1610612762.0,UTA,Utah,2246.0,Mehmet Okur,,,8.783333333333333,137.5,128.6,134.1,140.0,3.4,-11.4,0.125,0.0,25.0,0.14300000000000002,0.4,0.25,0.0,0.33299999999999996,0.33299999999999996,0.13,0.139,110.72,112.03,93.36,21.0,0.078,2011-01-28,2010-11,Jazz,Mehmet Okur,strained lower back (DTD)
21000736,1610612750.0,MIN,Minnesota,201563.0,Michael Beasley,F,,12.633333333333333,101.2,103.4,133.0,139.3,-31.8,-35.8,0.1,1.0,11.1,0.083,0.0,0.045,11.1,0.28600000000000003,0.28600000000000003,0.22899999999999998,0.23800000000000002,112.01,108.28,90.24,29.0,-0.02,2011-02-04,2010-11,Timberwolves,Michael Beasley,left ankle injury (DTD)
21000747,1610612757.0,POR,Portland,201967.0,Dante Cunningham,C,,13.216666666666667,109.0,108.0,121.2,115.4,-12.1,-7.4,0.0,0.0,0.0,0.077,0.1,0.087,0.0,0.429,0.429,0.25,0.252,89.92,92.61,77.18,25.0,0.061,2011-02-05,2010-11,Blazers,Dante Cunningham,facial injury (DNP)
21000757,1610612738.0,BOS,Boston,2605.0,Marquis Daniels,,,3.716666666666667,68.0,50.0,44.4,57.1,23.6,-7.1,0.0,0.0,0.0,0.0,0.14300000000000002,0.111,0.0,0.0,0.0,0.0,0.0,96.09,96.86,80.72,8.0,0.667,2011-02-06,2010-11,Celtics,Marquis Daniels,bruised spinal cord (out indefinitely)
21000881,1610612739.0,CLE,Cleveland,1712.0,Antawn Jamison,F,,29.7,86.1,86.2,104.0,107.0,-17.9,-20.8,0.0,0.0,0.0,0.0,0.138,0.068,16.7,0.5,0.5379999999999999,0.281,0.28600000000000003,94.27,92.91,77.42,58.0,0.09300000000000001,2011-02-27,2010-11,Cavaliers,Antawn Jamison,broken left little finger (out indefinitely)
21001049,1610612759.0,SAS,San Antonio,1495.0,Tim Duncan,F,,4.216666666666667,161.9,160.0,70.9,70.0,91.1,90.0,0.0,0.0,0.0,0.0,0.429,0.375,0.0,1.0,1.0,0.2,0.20199999999999999,112.47,113.83,94.86,10.0,0.28800000000000003,2011-03-21,2010-11,Spurs,Tim Duncan,sprained left ankle (out indefinitely)
21001061,1610612762.0,UTA,Utah,1905.0,Andrei Kirilenko,F,,13.7,83.4,85.7,117.7,103.6,-34.2,-17.9,0.0,0.0,0.0,0.0,0.0,0.0,0.0,0.3,0.3,0.161,0.163,93.57,98.13,81.77,28.0,0.019,2011-03-23,2010-11,Jazz,Andrei Kirilenko,bruised left knee (DTD)
21001144,1610612753.0,ORL,Orlando,201583.0,Ryan Anderson,,,19.083333333333332,108.3,115.8,125.0,118.9,-16.7,-3.1,0.067,0.0,20.0,0.0,0.2,0.081,0.0,0.75,0.75,0.095,0.094,95.4,94.35,78.62,38.0,0.125,2011-04-03,2010-11,Magic,Ryan Anderson,placed on IL (out for season)
21001215,1610612747.0,LAL,Los Angeles,101115.0,Andrew Bynum,C,,13.066666666666666,96.0,96.3,93.2,88.9,2.8,7.4,0.0,0.0,0.0,0.0,0.25,0.129,0.0,0.667,0.667,0.107,0.111,97.05,99.18,82.65,27.0,0.163,2011-04-12,2010-11,Lakers,Andrew Bynum,hyperextended right knee (left game)
21100001,1610612752.0,NYK,New York,202697.0,Iman Shumpert,,,22.033333333333335,92.4,93.8,119.8,119.6,-27.4,-25.8,0.077,0.5,5.6,0.045,0.16699999999999998,0.1,11.1,0.231,0.36200000000000004,0.309,0.322,103.06,102.37,85.31,48.0,0.02,2011-12-25,2011-12,Knicks,Iman Shumpert,sprained MCL in right knee (out indefinitely)
21100072,1610612759.0,SAS,San Antonio,1938.0,Manu Ginobili,G,,12.666666666666666,135.7,126.9,153.5,152.0,-17.8,-25.1,0.2,0.0,25.0,0.0,0.28600000000000003,0.105,0.0,0.583,0.621,0.207,0.22,92.99,96.63,80.53,26.0,0.122,2012-01-02,2011-12,Spurs,Manu Ginobili,broken bone in left hand (out indefinitely)
21100112,1610612748.0,MIA,Miami,2544.0,LeBron James,F,,37.38333333333333,104.8,103.9,91.1,92.4,13.7,11.5,0.474,1.13,23.1,0.0,0.14,0.08900000000000001,20.5,0.647,0.718,0.361,0.364,100.46,100.15,83.46,77.0,0.256,2012-01-07,2011-12,Heat,LeBron James,sprained left ankle (DNP)
21100589,1610612750.0,MIN,Minnesota,201937.0,Ricky Rubio,G,,38.983333333333334,112.3,116.4,107.6,109.3,4.8,7.1,0.4,2.5,35.7,0.028999999999999998,0.077,0.054000000000000006,14.3,0.45799999999999996,0.528,0.209,0.213,93.55,91.13,75.94,73.0,0.113,2012-03-09,2011-12,Timberwolves,Ricky Rubio,torn ACL in left knee (out for season)
21100600,1610612750.0,MIN,Minnesota,201567.0,Kevin Love,F,,41.21666666666667,96.4,92.6,101.0,105.0,-4.6,-12.4,0.0,0.0,0.0,0.11599999999999999,0.282,0.195,6.7,0.478,0.5660000000000001,0.316,0.327,93.73,93.76,78.13,81.0,0.20800000000000002,2012-03-10,2011-12,Timberwolves,Kevin Love,back spasms (DNP)
21100674,1610612743.0,DEN,Denver,201568.0,Danilo Gallinari,F,,22.95,100.8,100.0,119.1,121.3,-18.4,-21.3,0.389,2.33,38.9,0.111,0.19,0.154,16.7,0.14300000000000002,0.254,0.21600000000000005,0.222,98.8,98.3,81.92,47.0,0.047,2012-03-19,2011-12,Nuggets,Danilo Gallinari,fractured right thumb (DTD)
21200152,1610612759.0,SAS,San Antonio,1536.0,Stephen Jackson,F,,10.65,104.9,104.3,73.5,66.7,31.4,37.7,0.0,0.0,0.0,0.0,0.133,0.077,0.0,0.33299999999999996,0.33299999999999996,0.12,0.121,100.68,106.0,88.33,23.0,0.028999999999999998,2012-11-19,2012-13,Spurs,Stephen Jackson,fractured right pinky finger (out indefinitely)
21200238,1610612749.0,MIL,Milwaukee,202327.0,Ekpe Udoh,C,,15.133333333333333,66.2,66.7,112.6,109.4,-46.4,-42.7,0.0,0.0,0.0,0.0,0.111,0.042,20.0,0.667,0.644,0.16699999999999998,0.166,97.18,98.33,81.94,30.0,0.018000000000000002,2012-12-01,2012-13,Bucks,Ekpe Udoh,placed on IL
21200380,1610612761.0,TOR,Toronto,202685.0,Jonas Valanciunas,C,,4.483333333333333,40.0,33.3,66.7,66.7,-26.7,-33.3,0.0,0.0,0.0,0.2,0.0,0.1,0.0,0.0,0.0,0.0,0.0,58.88,64.24,53.53,6.0,0.25,2012-12-21,2012-13,Raptors,Jonas Valanciunas,fractured right ring finger (out indefinitely)
21200673,1610612753.0,ORL,Orlando,201175.0,Glen Davis,F,,4.333333333333333,175.0,175.0,112.5,100.0,62.5,75.0,0.6,0.0,60.0,0.0,0.0,0.0,0.0,0.5,0.5,0.25,0.25,88.62,94.15,78.46,8.0,0.131,2013-01-30,2012-13,Magic,Glen Davis,fractured left foot (out indefinitely)
21200781,1610612764.0,WAS,Washington,202344.0,Trevor Booker,,,0.05,0.0,0.0,0.0,0.0,0.0,0.0,0.0,0.0,0.0,0.0,0.0,0.0,0.0,0.0,0.0,1.0,1.0,533.33,533.33,444.44,1.0,1.0,2013-02-13,2012-13,Wizards,Trevor Booker,sore left wrist (DNP)
21200799,1610612766.0,CHA,Charlotte,2732.0,Ben Gordon,,,10.5,123.4,121.1,126.4,127.8,-3.0,-6.7,0.16699999999999998,0.0,12.5,0.0,0.111,0.048,0.0,0.35700000000000004,0.35700000000000004,0.28,0.29600000000000004,84.18,84.54,70.45,19.0,0.026000000000000002,2013-02-20,2012-13,Bobcats,Ben Gordon,sore right knee (DNP)
21200990,1610612742.0,DAL,Dallas,201958.0,Rodrigue Beaubois,,,6.616666666666666,97.0,100.0,110.2,114.3,-13.2,-14.3,0.0,0.0,0.0,0.0,0.0,0.0,75.0,0.0,0.0,0.28600000000000003,0.27699999999999997,105.04,101.56,84.63,14.0,-0.244,2013-03-17,2012-13,Mavericks,Rodrigue Beaubois,fractured left hand (out indefinitely)
21201068,1610612762.0,UTA,Utah,202683.0,Enes Kanter,,,3.4833333333333334,140.0,140.0,83.3,83.3,56.7,56.7,0.0,0.0,0.0,0.0,0.33299999999999996,0.2,50.0,0.0,0.0,0.33299999999999996,0.33299999999999996,75.79,75.79,63.16,5.0,-0.11800000000000001,2013-03-27,2012-13,Jazz,Enes Kanter,dislocated left shoulder (out indefinitely)
21201189,1610612747.0,LAL,Los Angeles,977.0,Kobe Bryant,G,,44.9,121.8,121.1,123.6,122.5,-1.8,-1.4,0.174,0.8,10.5,0.0,0.10400000000000001,0.06,13.2,0.524,0.606,0.35100000000000003,0.368,94.95,95.68,79.73,90.0,0.102,2013-04-12,2012-13,Lakers,Kobe Bryant,torn left Achilles tendon (out indefinitely)
21201209,1610612758.0,SAC,Sacramento,201936.0,Tyreke Evans,G,,10.0,73.5,80.0,101.7,100.0,-28.2,-20.0,0.33299999999999996,0.0,16.7,0.0,0.0,0.0,0.0,0.8,0.8,0.217,0.22,101.76,98.4,82.0,20.0,0.302,2013-04-15,2012-13,Kings,Tyreke Evans,sore left shoulder (DNP)
21300025,1610612745.0,HOU,Houston,201956.0,Omri Casspi,,,21.233333333333334,127.3,125.0,89.1,91.5,38.3,33.5,0.133,2.0,16.7,0.038,0.032,0.035,8.3,0.688,0.6759999999999999,0.16699999999999998,0.172,107.83,107.38,89.48,48.0,0.114,2013-11-01,2013-14,Rockets,Omri Casspi,sprained left ankle (DNP)
21300027,1610612750.0,MIN,Minnesota,101142.0,Ronny Turiaf,,,3.1166666666666667,156.2,112.5,116.3,114.3,40.0,-1.8,0.33299999999999996,0.0,100.0,0.0,0.0,0.0,0.0,0.0,0.0,0.0,0.0,97.33,115.51,96.26,8.0,0.0,2013-11-01,2013-14,Timberwolves,Ronny Turiaf,fractured right elbow (out indefinitely)
21300029,1610612757.0,POR,Portland,201964.0,Victor Claver,,,1.3666666666666667,0.0,0.0,0.0,0.0,0.0,0.0,0.0,0.0,0.0,0.0,0.0,0.0,0.0,0.0,0.0,0.0,0.0,70.24,87.8,73.17,3.0,0.0,2013-11-01,2013-14,Blazers,Victor Claver,placed on IL
21300254,1610612740.0,NOP,New Orleans,203076.0,Anthony Davis,F,,10.45,75.5,84.2,100.0,94.7,-24.5,-10.5,0.0,0.0,0.0,0.071,0.33299999999999996,0.174,12.5,0.33299999999999996,0.478,0.33299999999999996,0.331,90.03,87.27,72.73,19.0,0.177,2013-12-01,2013-14,Pelicans,Anthony Davis,fractured left hand (out indefinitely)
21300361,1610612752.0,NYK,New York,203143.0,Pablo Prigioni,G,,18.333333333333332,71.5,73.0,116.4,116.7,-44.9,-43.7,0.273,3.0,42.9,0.0,0.071,0.026000000000000002,14.3,0.0,0.0,0.098,0.098,96.66,95.56,79.64,37.0,0.0,2013-12-16,2013-14,Knicks,Pablo Prigioni,fractured right toe (out indefinitely)
21300396,1610612745.0,HOU,Houston,201976.0,Patrick Beverley,G,,14.583333333333334,117.2,118.2,98.8,97.0,18.4,21.2,0.182,2.0,18.2,0.0,0.214,0.111,9.1,0.5,0.644,0.243,0.248,108.09,108.62,90.51,33.0,0.161,2013-12-21,2013-14,Rockets,Patrick Beverley,fractured right hand (out indefinitely)
21300486,1610612746.0,LAC,Los Angeles,101108.0,Chris Paul,G,,21.816666666666666,128.8,124.4,109.5,108.9,19.3,15.6,0.462,6.0,35.3,0.0,0.15,0.075,5.9,0.938,0.973,0.22,0.22699999999999998,97.09,99.02,82.52,45.0,0.233,2014-01-03,2013-14,Clippers,Chris Paul,separated right shoulder (out indefinitely)
21300630,1610612759.0,SAS,San Antonio,202695.0,Kawhi Leonard,F,,15.083333333333334,104.0,103.2,113.8,106.3,-9.8,-3.0,0.083,0.5,20.0,0.071,0.0,0.043,40.0,0.75,0.75,0.114,0.115,96.49,100.24,83.54,31.0,0.023,2014-01-22,2013-14,Spurs,Kawhi Leonard,fractured right hand (out indefinitely)
21300641,1610612746.0,LAC,Los Angeles,2584.0,Willie Green,,,5.683333333333334,100.0,90.0,88.9,88.9,11.1,1.1,0.0,0.0,0.0,0.0,0.0,0.0,0.0,0.667,0.667,0.3,0.33299999999999996,76.01,80.23,66.86,10.0,0.171,2014-01-24,2013-14,Clippers,Willie Green,placed on IL (P)
21400003,1610612747.0,LAL,Los Angeles,203944.0,Julius Randle,,,13.566666666666666,58.3,60.0,132.4,126.9,-74.1,-66.9,0.0,0.0,0.0,0.0,0.0,0.0,20.0,0.33299999999999996,0.258,0.172,0.174,89.58,90.22,75.18,25.0,-0.242,2014-10-28,2014-15,Lakers,Julius Randle,fractured tibia in right leg (out for season)
21400020,1610612760.0,OKC,Oklahoma City,201566.0,Russell Westbrook,G,,8.716666666666667,84.0,90.0,113.4,110.5,-29.4,-20.5,0.5,1.33,40.0,0.0,0.0,0.0,30.0,0.33299999999999996,0.33299999999999996,0.261,0.256,110.02,107.38,89.48,20.0,0.0,2014-10-30,2014-15,Thunder,Russell Westbrook,fractured right hand (DTD)
21400271,1610612762.0,UTA,Utah,203504.0,Trey Burke,G,,33.9,122.6,126.6,136.6,139.4,-14.0,-12.8,0.28600000000000003,8.0,33.3,0.028999999999999998,0.077,0.049,4.2,0.5,0.5,0.21600000000000005,0.213,94.49,92.05,76.71,64.0,0.084,2014-12-03,2014-15,Jazz,Trey Burke,placed on IL
21400653,1610612765.0,DET,Detroit,201943.0,Brandon Jennings,G,,26.133333333333333,86.5,87.3,103.3,105.7,-16.9,-18.4,0.308,0.8,16.7,0.03,0.042,0.035,20.8,0.46399999999999997,0.508,0.303,0.305,100.76,99.18,82.65,55.0,0.073,2015-01-24,2014-15,Pistons,Brandon Jennings,torn left Achilles (out for season)
21400661,1610612750.0,MIN,Minnesota,203133.0,Robbie Hummel,,,22.733333333333334,115.0,111.4,127.6,136.4,-12.5,-25.0,0.077,1.0,11.1,0.0,0.21100000000000002,0.095,11.1,0.583,0.654,0.154,0.158,94.63,92.9,77.42,44.0,0.09,2015-01-25,2014-15,Timberwolves,Robbie Hummel,fractured right hand (out indefinitely)
21400699,1610612761.0,TOR,Toronto,101161.0,Amir Johnson,F,,34.56666666666667,130.2,129.0,107.1,105.8,23.1,23.2,0.0,0.0,0.0,0.14300000000000002,0.071,0.1,13.3,0.909,0.94,0.195,0.196,94.79,95.81,79.85,69.0,0.15,2015-01-30,2014-15,Raptors,Amir Johnson,placed on IL
21500054,1610612754.0,IND,Indiana,101133.0,Ian Mahinmi,C,,5.483333333333333,91.7,84.6,116.5,115.4,-24.8,-30.8,0.0,0.0,0.0,0.0,0.0,0.0,100.0,0.0,0.0,0.071,0.077,108.9,113.8,94.83,13.0,-0.085,2015-11-03,2015-16,Pacers,Ian Mahinmi,sore lower back (DTD)
21500064,1610612753.0,ORL,Orlando,202696.0,Nikola Vucevic,C,,16.75,130.7,131.4,124.6,126.5,6.1,5.0,0.125,0.0,25.0,0.0,0.133,0.083,0.0,0.5,0.5,0.162,0.166,99.9,98.87,82.39,35.0,0.075,2015-11-04,2015-16,Magic,Nikola Vucevic,sprained right knee (DTD)
21500064,1610612745.0,HOU,Houston,201976.0,Patrick Beverley,,,12.016666666666667,115.6,120.0,106.4,111.1,9.2,8.9,0.0,0.0,0.0,0.0,0.14300000000000002,0.083,0.0,0.375,0.375,0.14300000000000002,0.138,108.17,103.86,86.55,25.0,0.019,2015-11-04,2015-16,Rockets,Patrick Beverley,concussion (DTD)
21500099,1610612754.0,IND,Indiana,201155.0,Rodney Stuckey,,,17.816666666666666,92.2,94.4,92.1,97.3,0.1,-2.9,0.364,0.0,33.3,0.0,0.105,0.053,0.0,0.375,0.375,0.205,0.201,102.32,98.33,81.95,36.0,0.129,2015-11-09,2015-16,Pacers,Rodney Stuckey,sore right ankle (DTD)
21500123,1610612757.0,POR,Portland,203086.0,Meyers Leonard,F,,23.933333333333334,112.3,114.6,108.3,106.3,4.0,8.3,0.105,0.0,33.3,0.0,0.22699999999999998,0.109,0.0,0.875,0.875,0.077,0.077,96.31,96.27,80.22,48.0,0.114,2015-11-11,2015-16,Blazers,Meyers Leonard,dislocated left shoulder (out indefinitely)
21500147,1610612766.0,CHA,Charlotte,203798.0,PJ Hairston,F,,9.466666666666667,140.8,138.9,111.9,111.1,28.9,27.8,0.0,0.0,0.0,0.14300000000000002,0.0,0.071,0.0,0.5,0.5,0.1,0.10099999999999999,90.35,91.27,76.06,18.0,0.06,2015-11-15,2015-16,Hornets,P.J. Hairston,placed on IL with bruised right quadricep
21500153,1610612741.0,CHI,Chicago,201565.0,Derrick Rose,G,,33.21666666666667,93.0,94.1,83.3,84.3,9.7,9.8,0.4,0.0,23.1,0.024,0.022000000000000002,0.023,0.0,0.556,0.5820000000000001,0.26,0.26,100.89,99.71,83.09,68.0,0.179,2015-11-16,2015-16,Bulls,Derrick Rose,sprained left ankle (DTD)
21500176,1610612739.0,CLE,Cleveland,202389.0,Timofey Mozgov,C,,11.25,166.0,165.0,97.0,100.0,69.0,65.0,0.0,0.0,0.0,0.0,0.0,0.0,33.3,0.5,0.5,0.14300000000000002,0.14400000000000002,88.58,87.47,72.89,20.0,-0.038,2015-11-19,2015-16,Cavaliers,Timofey Mozgov,strained right shoulder (DTD)
21500191,1610612737.0,ATL,Atlanta,201168.0,Tiago Splitter,,,9.466666666666667,68.4,68.4,117.4,110.5,-49.0,-42.1,0.0,0.0,0.0,0.0,0.0,0.0,0.0,1.0,1.0,0.105,0.105,93.5,96.34,80.28,19.0,0.086,2015-11-21,2015-16,Hawks,Tiago Splitter,sore right hip (DTD)
21500204,1610612748.0,MIA,Miami,2736.0,Luol Deng,F,,31.133333333333333,94.7,94.9,97.4,100.0,-2.7,-5.1,0.0,0.0,0.0,0.027999999999999997,0.061,0.043,10.0,0.5,0.5,0.145,0.145,92.32,90.96,75.8,59.0,0.06,2015-11-23,2015-16,Heat,Luol Deng,sore hamstring (DTD)
21500215,1610612766.0,CHA,Charlotte,203798.0,PJ Hairston,F,,16.2,100.8,94.1,109.9,109.1,-9.1,-15.0,0.182,2.0,25.0,0.0,0.14300000000000002,0.077,12.5,0.375,0.512,0.154,0.163,95.59,99.26,82.72,34.0,0.045,2015-11-25,2015-16,Hornets,P.J. Hairston,placed on IL
21500282,1610612758.0,SAC,Sacramento,1626161.0,Willie Cauley-Stein,F,,17.666666666666668,123.9,125.6,94.9,97.4,29.0,28.2,0.091,1.0,14.3,0.077,0.174,0.139,14.3,1.0,0.862,0.14300000000000002,0.14400000000000002,108.11,105.93,88.28,39.0,0.13,2015-12-03,2015-16,Kings,Willie Cauley-Stein,dislocated right index finger (out indefinitely)
21500372,1610612766.0,CHA,Charlotte,203798.0,PJ Hairston,F,,21.95,100.1,102.3,125.9,131.8,-25.8,-29.5,0.0,0.0,0.0,0.05,0.077,0.061,15.4,0.591,0.612,0.271,0.266,98.45,95.13,79.27,43.0,0.07200000000000001,2015-12-16,2015-16,Hornets,P.J. Hairston,placed on IL
21500399,1610612766.0,CHA,Charlotte,203798.0,PJ Hairston,F,,18.666666666666668,86.0,89.5,109.1,107.3,-23.1,-17.8,0.25,2.0,20.0,0.115,0.17600000000000002,0.14,10.0,0.667,0.727,0.17,0.168,102.65,101.57,84.64,38.0,0.16,2015-12-19,2015-16,Hornets,P.J. Hairston,placed on IL
21500414,1610612741.0,CHI,Chicago,201149.0,Joakim Noah,,,15.933333333333334,108.0,109.1,108.3,109.4,-0.2,-0.3,0.615,0.0,66.7,0.14300000000000002,0.313,0.21600000000000005,0.0,0.5,0.5,0.098,0.099,98.92,97.96,81.63,33.0,0.203,2015-12-21,2015-16,Bulls,Joakim Noah,sprained left shoulder (DTD)
21500421,1610612742.0,DAL,Dallas,101114.0,Deron Williams,G,,23.333333333333332,82.4,86.7,111.4,104.3,-29.0,-17.7,0.462,0.0,42.9,0.0,0.095,0.042,0.0,0.28600000000000003,0.42100000000000004,0.17,0.16899999999999998,92.98,93.6,78.0,45.0,0.12300000000000001,2015-12-22,2015-16,Mavericks,Deron Williams,strained left hamstring (DTD)
21500451,1610612756.0,PHX,Phoenix,202339.0,Eric Bledsoe,G,,8.15,47.1,47.1,83.9,83.3,-36.8,-36.3,0.0,0.0,0.0,0.0,0.28600000000000003,0.11800000000000001,33.3,0.5,0.5,0.353,0.353,102.71,103.07,85.89,17.0,0.0,2015-12-26,2015-16,Suns,Eric Bledsoe,sprained left knee (out for season)
21500491,1610612742.0,DAL,Dallas,2734.0,Devin Harris,,,2.5833333333333335,50.0,40.0,100.0,80.0,-50.0,-40.0,0.0,0.0,0.0,0.0,0.0,0.0,100.0,0.0,0.0,0.16699999999999998,0.2,74.32,92.9,77.42,5.0,-0.444,2016-01-01,2015-16,Mavericks,Devin Harris,back spasms (DTD)
21500495,1610612738.0,BOS,Boston,202340.0,Avery Bradley,G,,10.516666666666667,120.1,113.0,136.2,140.9,-16.1,-27.9,0.0,0.0,0.0,0.077,0.1,0.087,20.0,0.25,0.25,0.16699999999999998,0.175,101.32,102.69,85.58,23.0,-0.027000000000000003,2016-01-02,2015-16,Celtics,Avery Bradley,bruised left hip (DTD)
21500519,1610612763.0,MEM,Memphis,201144.0,Mike Conley,G,,26.25,77.2,80.8,78.3,80.8,-1.1,0.0,0.308,0.0,22.2,0.0,0.063,0.032,0.0,0.26899999999999996,0.314,0.233,0.23199999999999998,98.77,95.08,79.23,52.0,0.062,2016-01-04,2015-16,Grizzlies,Mike Conley Jr.,tightness in lower back (DTD)
21500538,1610612762.0,UTA,Utah,203918.0,Rodney Hood,G,,22.416666666666668,99.0,97.5,90.3,89.7,8.7,7.8,0.16699999999999998,2.0,16.7,0.0,0.083,0.048,8.3,0.35700000000000004,0.5429999999999999,0.22699999999999998,0.23,83.68,84.58,70.48,40.0,0.13699999999999998,2016-01-07,2015-16,Jazz,Rodney Hood,right ankle injury (DTD)
21500544,1610612740.0,NOP,New Orleans,203076.0,Anthony Davis,F,,3.35,75.0,75.0,101.7,100.0,-26.7,-25.0,0.5,1.0,25.0,0.0,0.5,0.2,25.0,0.5,0.5,0.33299999999999996,0.375,106.6,107.46,89.55,8.0,0.14300000000000002,2016-01-08,2015-16,Pelicans,Anthony Davis,bruised back (DTD)
21500549,1610612747.0,LAL,Los Angeles,1626156.0,D'Angelo Russell,,,7.716666666666667,101.4,106.3,104.4,100.0,-3.0,6.3,0.4,0.0,40.0,0.0,0.0,0.0,0.0,0.33299999999999996,0.33299999999999996,0.17600000000000002,0.179,99.77,99.52,82.94,16.0,0.066,2016-01-08,2015-16,Lakers,D'Angelo Russell,sprained right ankle (DTD)
21500551,1610612737.0,ATL,Atlanta,201952.0,Jeff Teague,G,,25.483333333333334,117.1,118.2,118.2,118.5,-1.1,-0.3,0.28600000000000003,2.0,31.6,0.048,0.048,0.048,15.8,0.611,0.607,0.217,0.222,103.3,102.66,85.55,55.0,0.1,2016-01-09,2015-16,Hawks,Jeff Teague,ankle injury (DTD)
21500569,1610612754.0,IND,Indiana,201155.0,Rodney Stuckey,,,4.433333333333334,90.1,88.9,112.6,100.0,-22.5,-11.1,0.0,0.0,0.0,0.0,0.33299999999999996,0.125,0.0,0.0,0.0,0.1,0.10099999999999999,96.11,102.82,85.68,9.0,0.0,2016-01-12,2015-16,Pacers,Rodney Stuckey,sprained right ankle/foot (DTD)
21500597,1610612741.0,CHI,Chicago,201149.0,Joakim Noah,,,5.85,107.8,100.0,128.9,125.0,-21.0,-25.0,0.0,0.0,0.0,0.111,0.25,0.154,0.0,0.5,0.5,0.133,0.141,89.6,94.36,78.63,11.0,0.026000000000000002,2016-01-15,2015-16,Bulls,Joakim Noah,separated left shoulder (out for season)
21500626,1610612740.0,NOP,New Orleans,201569.0,Eric Gordon,G,,24.966666666666665,97.9,100.0,109.7,110.0,-11.9,-10.0,0.2,1.5,21.4,0.0,0.053,0.023,14.3,0.611,0.611,0.193,0.193,97.28,96.13,80.11,50.0,0.081,2016-01-19,2015-16,Pelicans,Eric Gordon,fractured right ring finger (DTD)
21500630,1610612748.0,MIA,Miami,202355.0,Hassan Whiteside,C,,10.633333333333333,70.4,66.7,122.2,120.0,-51.8,-53.3,0.2,0.5,25.0,0.0,0.33299999999999996,0.16699999999999998,50.0,1.0,1.0,0.14300000000000002,0.151,89.2,92.54,77.12,21.0,0.12300000000000001,2016-01-20,2015-16,Heat,Hassan Whiteside,strained oblique (DTD)
21500644,1610612756.0,PHX,Phoenix,200782.0,P.J. Tucker,F,,6.05,67.3,72.7,101.7,116.7,-34.4,-43.9,0.0,0.0,0.0,0.0,0.125,0.071,0.0,0.0,0.0,0.0,0.0,101.71,91.24,76.03,11.0,0.061,2016-01-21,2015-16,Suns,P.J. Tucker,bruised chest (left game)
21500671,1610612740.0,NOP,New Orleans,203076.0,Anthony Davis,F,,18.966666666666665,110.4,110.3,122.4,120.5,-12.0,-10.3,0.077,0.25,7.1,0.087,0.267,0.158,28.6,0.444,0.47700000000000004,0.26,0.26,97.89,98.7,82.25,39.0,0.084,2016-01-25,2015-16,Pelicans,Anthony Davis,concussion (DTD)
21500688,1610612760.0,OKC,Oklahoma City,1626166.0,Cameron Payne,,,5.166666666666667,101.1,100.0,137.0,120.0,-35.9,-20.0,0.0,0.0,0.0,0.0,0.0,0.0,0.0,0.0,0.0,0.077,0.078,91.23,97.55,81.29,11.0,-0.125,2016-01-27,2015-16,Thunder,Cameron Payne,concussion (DTD)
21500690,1610612766.0,CHA,Charlotte,202391.0,Jeremy Lin,,,17.4,68.1,66.7,141.7,140.6,-73.6,-74.0,0.14300000000000002,1.0,10.0,0.0,0.14300000000000002,0.065,10.0,0.25,0.25,0.243,0.255,88.39,89.66,74.71,33.0,0.0,2016-01-27,2015-16,Hornets,Jeremy Lin,sprained right ankle (DTD)
21500692,1610612737.0,ATL,Atlanta,200794.0,Paul Millsap,F,,13.283333333333333,107.4,107.7,97.5,96.2,9.9,11.5,0.0,0.0,0.0,0.0,0.41700000000000004,0.20800000000000002,28.6,0.25,0.41,0.25,0.258,93.45,93.95,78.29,26.0,0.09300000000000001,2016-01-28,2015-16,Hawks,Paul Millsap,sprained left ankle (DTD)
21500712,1610612758.0,SAC,Sacramento,202326.0,DeMarcus Cousins,F,,30.65,94.2,98.5,103.2,100.0,-9.0,-1.5,0.059000000000000004,0.17,3.2,0.11599999999999999,0.31,0.19399999999999998,19.4,0.20600000000000002,0.3670000000000001,0.35700000000000004,0.35700000000000004,105.65,104.93,87.44,66.0,0.07200000000000001,2016-01-30,2015-16,Kings,DeMarcus Cousins,sprained left ankle (DTD)
21500723,1610612742.0,DAL,Dallas,101114.0,Deron Williams,G,,7.816666666666666,68.4,64.7,101.5,100.0,-33.1,-35.3,0.0,0.0,0.0,0.0,0.0,0.0,0.0,0.0,0.0,0.25,0.262,97.76,101.32,84.43,17.0,-0.195,2016-02-01,2015-16,Mavericks,Deron Williams,bruised hip (DTD)
21500735,1610612766.0,CHA,Charlotte,203798.0,PJ Hairston,,,11.15,151.8,150.0,141.1,133.3,10.7,16.7,0.091,1.0,20.0,0.0,0.0,0.0,20.0,0.5,0.5,0.16699999999999998,0.168,85.24,88.25,73.54,20.0,0.0,2016-02-03,2015-16,Hornets,P.J. Hairston,placed on IL
21500736,1610612755.0,PHI,Philadelphia,1626143.0,Jahlil Okafor,C,,24.65,91.1,92.0,118.7,127.1,-27.6,-35.1,0.231,0.6,16.7,0.158,0.08,0.114,27.8,0.5,0.5,0.273,0.275,99.23,95.42,79.51,50.0,0.044000000000000004,2016-02-03,2015-16,76ers,Jahlil Okafor,placed on IL
21500752,1610612753.0,ORL,Orlando,202699.0,Tobias Harris,F,,28.016666666666666,96.5,98.3,99.4,98.3,-2.8,-0.1,0.0,0.0,0.0,0.057,0.3,0.145,8.3,0.444,0.58,0.17600000000000002,0.17600000000000002,101.43,101.08,84.24,58.0,0.155,2016-02-05,2015-16,Magic,Tobias Harris,sore left ankle (DTD)
21500781,1610612763.0,MEM,Memphis,201188.0,Marc Gasol,C,,10.983333333333333,107.9,109.5,98.5,100.0,9.4,9.5,0.4,0.0,22.2,0.0,0.429,0.214,0.0,0.667,0.7509999999999999,0.318,0.314,93.17,91.78,76.48,21.0,0.315,2016-02-08,2015-16,Grizzlies,Marc Gasol,fractured right foot (out for season)
21500884,1610612739.0,CLE,Cleveland,201567.0,Kevin Love,F,,40.38333333333333,102.7,113.7,110.1,111.0,-7.3,2.7,0.24,6.0,26.1,0.025,0.20600000000000002,0.10800000000000001,4.3,0.321,0.41200000000000003,0.18899999999999997,0.191,91.75,86.76,72.3,73.0,0.09300000000000001,2016-02-29,2015-16,Cavaliers,Kevin Love,sore leg (DTD)
21500890,1610612746.0,LAC,LA,201601.0,Luc Mbah a Moute,F,,8.733333333333333,123.5,125.0,90.7,93.3,32.8,31.7,0.2,0.0,20.0,0.273,0.1,0.19,0.0,0.25,0.25,0.2,0.198,86.95,85.19,70.99,16.0,0.07400000000000001,2016-02-29,2015-16,Clippers,Luc Mbah a Moute,lacerated left eyelid (DTD)
21500953,1610612763.0,MEM,Memphis,201596.0,Mario Chalmers,G,,21.816666666666666,103.2,104.3,93.7,100.0,9.5,4.3,0.33299999999999996,2.5,27.8,0.045,0.14300000000000002,0.1,11.1,0.214,0.523,0.23199999999999998,0.23399999999999999,107.41,103.41,86.17,47.0,0.19,2016-03-09,2015-16,Grizzlies,Mario Chalmers,ruptured right Achilles tendon (out for season)
21500992,1610612763.0,MEM,Memphis,203798.0,PJ Hairston,,,17.833333333333332,75.9,81.1,109.7,107.9,-33.8,-26.8,0.25,1.0,16.7,0.0,0.1,0.044000000000000004,16.7,0.375,0.375,0.217,0.215,103.46,100.93,84.11,37.0,0.021,2016-03-14,2015-16,Grizzlies,P.J. Hairston,placed on IL with strained left groin
21501016,1610612741.0,CHI,Chicago,202734.0,E'Twaun Moore,,,2.466666666666667,123.0,120.0,0.0,0.0,123.0,120.0,0.0,0.0,0.0,0.0,0.33299999999999996,0.2,0.0,0.0,0.0,0.0,0.0,86.28,97.17,80.97,5.0,0.0,2016-03-17,2015-16,Bulls,E'Twaun Moore,left hamstring injury (DTD)
21501023,1610612761.0,TOR,Toronto,202335.0,Patrick Patterson,,,20.3,114.3,113.3,81.4,81.8,32.9,31.5,0.0,0.0,0.0,0.0,0.091,0.051,16.7,0.7,0.7,0.13,0.132,104.97,105.2,87.67,45.0,0.067,2016-03-18,2015-16,Raptors,Patrick Patterson,sore left ankle (DTD)
21501026,1610612742.0,DAL,Dallas,202718.0,Chandler Parsons,F,,22.033333333333335,145.5,144.9,108.9,116.3,36.5,28.6,0.0,0.0,0.0,0.053,0.095,0.075,9.1,0.625,0.7170000000000001,0.204,0.204,110.15,106.75,88.96,49.0,0.121,2016-03-18,2015-16,Mavericks,Chandler Parsons,sore right knee (out for season)
21501035,1610612746.0,LAC,LA,201145.0,Jeff Green,F,,20.95,113.3,110.0,139.0,140.0,-25.7,-30.0,0.0,0.0,0.0,0.0,0.063,0.031,0.0,0.5,0.5920000000000001,0.16699999999999998,0.17600000000000002,90.64,91.65,76.37,40.0,0.043,2016-03-19,2015-16,Clippers,Jeff Green,lacerated forehead (DTD)
21501063,1610612759.0,SAS,San Antonio,202695.0,Kawhi Leonard,F,,24.1,122.5,121.7,86.4,85.1,36.1,36.6,0.0,0.0,0.0,0.087,0.25,0.17,4.2,0.643,0.664,0.462,0.46399999999999997,91.66,92.61,77.18,46.0,0.29100000000000004,2016-03-23,2015-16,Spurs,Kawhi Leonard,bruised right quadriceps (DTD)
21501068,1610612754.0,IND,Indiana,202331.0,Paul George,F,,19.9,103.3,100.0,77.7,82.1,25.6,17.9,0.2,2.0,15.4,0.0,0.16699999999999998,0.098,7.7,0.722,0.727,0.268,0.27699999999999997,95.23,94.07,78.39,39.0,0.261,2016-03-24,2015-16,Pacers,Paul George,bruised lower right leg (DTD)
21501117,1610612752.0,NYK,New York,101181.0,Jose Calderon,G,,9.7,120.7,126.3,74.2,73.7,46.6,52.6,0.1,0.5,20.0,0.0,0.2,0.133,40.0,0.5,0.5,0.182,0.183,95.9,94.02,78.35,19.0,0.027999999999999997,2016-03-30,2015-16,Knicks,Jose Calderon,bruised right quadriceps (out for season)
21600019,1610612754.0,IND,Indiana,201155.0,Rodney Stuckey,,,3.716666666666667,134.4,125.0,101.5,100.0,32.9,25.0,0.25,0.0,50.0,0.0,0.25,0.1,0.0,0.0,0.0,0.091,0.096,98.93,103.32,86.1,8.0,0.061,2016-10-28,2016-17,Pacers,Rodney Stuckey,sore right hamstring (DTD)
21600027,1610612766.0,CHA,Charlotte,203087.0,Jeremy Lamb,,,9.166666666666666,91.1,100.0,44.7,42.1,46.4,57.9,0.0,0.0,0.0,0.0,0.3,0.13,0.0,0.28600000000000003,0.317,0.33299999999999996,0.322,98.55,96.87,80.73,18.0,0.14300000000000002,2016-10-29,2016-17,Hornets,Jeremy Lamb,strained left hamstring (DTD)
21600031,1610612751.0,BKN,Brooklyn,202349.0,Greivis Vasquez,,,6.783333333333333,57.1,50.0,114.2,113.3,-57.1,-63.3,0.0,0.0,0.0,0.0,0.1,0.05,0.0,0.25,0.25,0.235,0.267,102.18,109.68,91.4,16.0,0.0,2016-10-29,2016-17,Nets,Greivis Vasquez,sore right ankle (DTD)
21600057,1610612751.0,BKN,Brooklyn,202391.0,Jeremy Lin,G,,15.683333333333334,136.4,141.2,117.0,114.3,19.4,26.9,0.267,4.0,33.3,0.0,0.133,0.091,8.3,0.667,0.727,0.22899999999999998,0.22699999999999998,106.2,105.59,87.99,34.0,0.146,2016-11-02,2016-17,Nets,Jeremy Lin,strained left hamstring (DTD)
21600060,1610612740.0,NOP,New Orleans,201967.0,Dante Cunningham,F,,5.25,61.2,70.0,125.6,110.0,-64.4,-40.0,0.0,0.0,0.0,0.0,0.0,0.0,33.3,0.0,0.0,0.273,0.262,92.34,91.43,76.19,10.0,-0.222,2016-11-02,2016-17,Pelicans,Dante Cunningham,sore hip (DTD)
21600060,1610612763.0,MEM,Memphis,1626185.0,Jarell Martin,,,17.266666666666666,70.6,78.4,75.3,75.0,-4.7,3.4,0.111,1.0,11.1,0.04,0.16699999999999998,0.09300000000000001,11.1,0.33299999999999996,0.436,0.182,0.18100000000000002,106.97,101.47,84.56,37.0,0.156,2016-11-02,2016-17,Grizzlies,Jarell Martin,sore foot (DTD)
21600061,1610612738.0,BOS,Boston,203109.0,Jae Crowder,F,,13.733333333333333,137.2,141.4,109.5,116.7,27.7,24.7,0.083,1.0,12.5,0.0,0.313,0.179,12.5,0.833,0.833,0.21899999999999997,0.22,108.07,103.11,85.92,29.0,0.16399999999999998,2016-11-02,2016-17,Celtics,Jae Crowder,sprained left ankle (DTD)
21600062,1610612742.0,DAL,Dallas,202083.0,Wesley Matthews,G,,35.7,91.7,91.2,104.8,111.9,-13.1,-20.8,0.091,2.0,16.7,0.0,0.026000000000000002,0.013999999999999999,8.3,0.611,0.636,0.141,0.14400000000000002,93.58,90.76,75.63,68.0,0.071,2016-11-02,2016-17,Mavericks,Wes Matthews Jr.,sore foot (DTD)
21600076,1610612742.0,DAL,Dallas,1717.0,Dirk Nowitzki,C,,16.116666666666667,99.0,100.0,114.8,121.9,-15.8,-21.9,0.1,0.0,14.3,0.0,0.389,0.19399999999999998,0.0,0.33299999999999996,0.38799999999999996,0.171,0.175,98.75,95.35,79.46,32.0,0.15,2016-11-04,2016-17,Mavericks,Dirk Nowitzki,sore right Achilles (DTD)
21600107,1610612764.0,WAS,Washington,203078.0,Bradley Beal,G,,10.85,128.1,126.1,74.3,77.3,53.8,48.8,0.1,0.0,10.0,0.14300000000000002,0.154,0.14800000000000002,0.0,0.125,0.16899999999999998,0.3,0.314,100.69,99.54,82.95,23.0,-0.025,2016-11-09,2016-17,Wizards,Bradley Beal,right hamstring injury (DTD)
21600131,1610612752.0,NYK,New York,202498.0,Lance Thomas,,,8.733333333333333,116.4,127.8,145.8,150.0,-29.4,-22.2,0.0,0.0,0.0,0.091,0.0,0.063,0.0,0.0,0.0,0.125,0.126,105.2,98.93,82.44,18.0,-0.057999999999999996,2016-11-12,2016-17,Knicks,Lance Thomas,sore left ankle (DTD)
21600133,1610612741.0,CHI,Chicago,203926.0,Doug McDermott,,,17.666666666666668,119.9,133.3,97.2,102.8,22.7,30.6,0.14300000000000002,2.0,22.2,0.0,0.05,0.026000000000000002,11.1,0.33299999999999996,0.38799999999999996,0.156,0.152,106.13,97.81,81.51,36.0,0.047,2016-11-12,2016-17,Bulls,Doug McDermott,concussion (DTD)
21600176,1610612756.0,PHX,Phoenix,203933.0,T.J. Warren,F,,9.083333333333334,105.3,105.3,100.0,100.0,5.3,5.3,0.0,0.0,0.0,0.0,0.0,0.0,33.3,0.5,0.5,0.136,0.14300000000000002,97.76,97.76,81.47,19.0,0.0,2016-11-18,2016-17,Suns,T.J. Warren,illness (DTD)
21600176,1610612754.0,IND,Indiana,101139.0,CJ Miles,F,,9.083333333333334,100.0,100.0,105.3,105.3,-5.3,-5.3,0.0,0.0,0.0,0.0,0.0,0.0,0.0,0.0,0.0,0.091,0.091,97.76,97.76,81.47,18.0,-0.05,2016-11-18,2016-17,Pacers,C.J. Miles,sore left knee (DTD)
21600178,1610612760.0,OKC,Oklahoma City,203902.0,Semaj Christon,,,10.733333333333333,104.5,109.1,140.4,134.8,-35.9,-25.7,0.125,0.0,50.0,0.0,0.28600000000000003,0.125,0.0,0.0,0.0,0.04,0.042,100.77,100.68,83.9,22.0,0.047,2016-11-18,2016-17,Thunder,Semaj Christon,concussion (DTD)
21600271,1610612752.0,NYK,New York,201584.0,Courtney Lee,G,,7.883333333333334,142.5,146.7,109.8,112.5,32.7,34.2,0.429,0.0,50.0,0.0,0.111,0.071,0.0,1.167,1.167,0.188,0.182,96.93,94.38,78.65,15.0,0.278,2016-11-30,2016-17,Knicks,Courtney Lee,sprained left ankle (DTD)
21600282,1610612755.0,PHI,Philadelphia,203496.0,Robert Covington,F,,23.416666666666668,111.5,110.6,114.5,115.6,-3.0,-4.9,0.055999999999999994,0.0,10.0,0.071,0.21100000000000002,0.128,0.0,0.5,0.5,0.161,0.165,94.33,94.29,78.58,47.0,0.095,2016-12-02,2016-17,76ers,Robert Covington,sprained left ankle (DTD)
21600305,1610612739.0,CLE,Cleveland,2747.0,JR Smith,G,,10.266666666666667,140.0,147.4,109.5,115.0,30.5,32.4,0.0,0.0,0.0,0.0,0.0,0.0,33.3,0.5,0.5,0.14300000000000002,0.14300000000000002,95.84,91.17,75.97,19.0,0.019,2016-12-05,2016-17,Cavaliers,J.R. Smith,bruised / hyperextended (CBC) left knee (DTD)
21600323,1610612743.0,DEN,Denver,1627750.0,Jamal Murray,,,33.55,117.3,118.1,91.5,88.9,25.7,29.2,0.107,0.0,16.7,0.021,0.114,0.06,0.0,0.35700000000000004,0.40299999999999997,0.156,0.157,101.87,103.01,85.84,72.0,0.07200000000000001,2016-12-07,2016-17,Nuggets,Jamal Murray,bruised left quadricep (DTD)
21600324,1610612748.0,MIA,Miami,203585.0,Rodney McGruder,G,,30.9,101.1,108.3,96.8,98.4,4.3,10.0,0.23800000000000002,5.0,31.3,0.08800000000000001,0.067,0.078,6.3,0.5,0.539,0.153,0.152,98.05,93.98,78.32,60.0,0.11900000000000001,2016-12-07,2016-17,Heat,Rodney McGruder,sore ankle (DTD)
21600365,1610612743.0,DEN,Denver,201589.0,Darrell Arthur,F,,4.5,25.0,22.2,120.2,125.0,-95.2,-102.8,0.0,0.0,0.0,0.14300000000000002,0.0,0.1,66.7,1.0,1.0,0.25,0.273,87.04,90.67,75.56,9.0,0.059000000000000004,2016-12-12,2016-17,Nuggets,Darrell Arthur,sore knee (DTD)
21600430,1610612737.0,ATL,Atlanta,203501.0,Tim Hardaway Jr.,,,1.05,233.3,233.3,0.0,0.0,233.3,233.3,0.0,0.0,0.0,0.0,0.0,0.0,0.0,1.0,1.0,0.33299999999999996,0.33299999999999996,114.29,137.14,114.29,3.0,0.222,2016-12-21,2016-17,Hawks,Tim Hardaway Jr.,sore groin (DTD)
21600476,1610612764.0,WAS,Washington,203078.0,Bradley Beal,G,,17.866666666666667,120.4,120.5,94.3,95.0,26.0,25.5,0.182,0.0,15.4,0.0,0.055999999999999994,0.026000000000000002,0.0,0.611,0.5579999999999999,0.239,0.239,106.55,106.12,88.43,39.0,0.139,2016-12-28,2016-17,Wizards,Bradley Beal,right ankle injury (DTD)
21600490,1610612761.0,TOR,Toronto,202335.0,Patrick Patterson,,,8.6,79.9,77.8,57.9,61.1,22.0,16.7,0.0,0.0,0.0,0.0,0.0,0.0,0.0,0.0,0.0,0.158,0.162,101.92,100.47,83.72,18.0,-0.3,2016-12-29,2016-17,Raptors,Patrick Patterson,strained left knee (DTD)
21600509,1610612765.0,DET,Detroit,203382.0,Aron Baynes,,,9.4,134.9,127.3,90.1,86.4,44.7,40.9,0.0,0.0,0.0,0.125,0.273,0.21100000000000002,50.0,1.0,1.0,0.087,0.092,106.83,112.34,93.62,22.0,0.065,2017-01-01,2016-17,Pistons,Aron Baynes,sprained left ankle (DTD)
21600520,1610612744.0,GSW,Golden State,201580.0,JaVale McGee,,,8.983333333333333,97.0,95.5,105.0,100.0,-8.0,-4.5,0.0,0.0,0.0,0.091,0.188,0.14800000000000002,0.0,1.0,0.846,0.20800000000000002,0.212,111.25,114.88,95.73,22.0,0.253,2017-01-02,2016-17,Warriors,JaVale McGee,illness (DTD)
21600607,1610612737.0,ATL,Atlanta,203488.0,Mike Muscala,,,0.7,0.0,0.0,53.2,50.0,-53.2,-50.0,0.0,0.0,0.0,0.0,0.0,0.0,0.0,0.0,0.0,1.0,1.0,98.74,102.86,85.71,1.0,1.0,2017-01-15,2016-17,Hawks,Mike Muscala,sore/sprained left ankle (DTD)
21600617,1610612743.0,DEN,Denver,203914.0,Gary Harris,G,,2.9,145.3,142.9,170.1,142.9,-24.7,0.0,0.0,0.0,0.0,0.0,0.0,0.0,0.0,0.0,0.0,0.14300000000000002,0.145,105.6,115.86,96.55,7.0,-0.049,2017-01-16,2016-17,Nuggets,Gary Harris,sprained right ankle (DTD)
21600631,1610612753.0,ORL,Orlando,201975.0,Jodie Meeks,G,,15.766666666666667,113.9,115.4,109.9,110.5,3.9,4.9,0.0,0.0,0.0,0.0,0.222,0.11800000000000001,25.0,0.33299999999999996,0.38799999999999996,0.195,0.19699999999999998,118.31,117.21,97.67,39.0,0.032,2017-01-18,2016-17,Magic,Jodie Meeks,dislocated right thumb (DTD)
21600634,1610612744.0,GSW,Golden State,2561.0,David West,,,11.416666666666666,135.8,122.7,96.3,95.2,39.5,27.5,0.375,0.0,37.5,0.0,0.077,0.059000000000000004,0.0,0.8,0.8,0.20800000000000002,0.22899999999999998,85.42,90.38,75.32,22.0,0.27899999999999997,2017-01-18,2016-17,Warriors,David West,fractured left thumb (DTD)
21600635,1610612758.0,SAC,Sacramento,200752.0,Rudy Gay,F,,28.283333333333335,112.8,114.0,96.8,98.2,16.0,15.8,0.0,0.0,0.0,0.136,0.04,0.085,17.6,0.731,0.7559999999999999,0.266,0.272,97.97,96.75,80.63,57.0,0.132,2017-01-18,2016-17,Kings,Rudy Gay,torn left Achilles tendon (out for season)
21600641,1610612755.0,PHI,Philadelphia,203954.0,Joel Embiid,C,,22.066666666666666,83.9,89.1,87.8,89.4,-3.8,-0.2,0.556,1.0,17.9,0.14300000000000002,0.25,0.204,17.9,0.5,0.501,0.426,0.435,105.15,101.15,84.29,46.0,0.27399999999999997,2017-01-20,2016-17,76ers,Joel Embiid,bruised left knee (DTD)
21600648,1610612742.0,DAL,Dallas,200826.0,J.J. Barea,,,22.7,129.8,128.6,120.2,119.0,9.6,9.5,0.429,3.0,33.3,0.0,0.25,0.132,11.1,0.5,0.5,0.25,0.258,87.98,88.82,74.02,42.0,0.163,2017-01-20,2016-17,Mavericks,Jose Barea ,strained left calf (DTD)
21600663,1610612756.0,PHX,Phoenix,1627733.0,Dragan Bender,,,4.25,88.9,88.9,82.0,80.0,6.9,8.9,0.25,0.0,33.3,0.33299999999999996,0.0,0.125,0.0,0.0,0.0,0.182,0.182,105.94,107.29,89.41,9.0,-0.35700000000000004,2017-01-22,2016-17,Suns,Dragan Bender,sore right ankle (DTD)
21600663,1610612761.0,TOR,Toronto,201942.0,DeMar DeRozan,G,,36.833333333333336,101.9,105.3,120.5,120.0,-18.7,-14.7,0.19,2.0,14.3,0.026000000000000002,0.071,0.045,7.1,0.353,0.504,0.282,0.287,99.2,97.74,81.45,75.0,0.09699999999999999,2017-01-22,2016-17,Raptors,DeMar DeRozan,sprained right ankle (DTD)
21600688,1610612742.0,DAL,Dallas,101114.0,Deron Williams,G,,15.583333333333334,138.9,134.5,103.9,103.4,35.0,31.0,0.583,0.0,53.8,0.0,0.0,0.0,0.0,0.583,0.583,0.19399999999999998,0.19899999999999998,87.69,89.29,74.41,29.0,0.16399999999999998,2017-01-25,2016-17,Mavericks,Deron Williams,sprained left big toe (DTD)
21600690,1610612760.0,OKC,Oklahoma City,202683.0,Enes Kanter,,,9.05,83.0,83.3,117.3,122.2,-34.3,-38.9,0.667,0.67,20.0,0.14300000000000002,0.3,0.235,30.0,0.33299999999999996,0.42,0.42100000000000004,0.419,97.7,95.47,79.56,18.0,0.034,2017-01-26,2016-17,Thunder,Enes Kanter,fractured right arm / hand (out indefinitely)
21600738,1610612762.0,UTA,Utah,203918.0,Rodney Hood,G,,7.983333333333333,123.0,128.6,154.0,150.0,-31.0,-21.4,0.0,0.0,0.0,0.111,0.0,0.067,25.0,0.5,0.5,0.222,0.215,85.02,84.18,70.15,14.0,-0.016,2017-02-01,2016-17,Jazz,Rodney Hood,hyperextended right knee (DTD)
21600748,1610612750.0,MIN,Minnesota,203897.0,Zach LaVine,G,,31.533333333333335,110.5,109.7,111.8,118.0,-1.3,-8.4,0.19,2.0,20.0,0.036000000000000004,0.079,0.061,10.0,0.6920000000000001,0.698,0.235,0.237,95.84,93.62,78.01,62.0,0.141,2017-02-03,2016-17,Timberwolves,Zach LaVine,torn ACL in left knee (out for season)
21600781,1610612757.0,POR,Portland,202323.0,Evan Turner,F,,23.0,135.1,129.5,114.1,114.3,21.0,15.3,0.21100000000000002,1.33,26.7,0.0,0.1,0.055999999999999994,20.0,0.643,0.698,0.22399999999999998,0.233,87.94,89.74,74.78,44.0,0.109,2017-02-07,2016-17,Blazers,Evan Turner,fractured right hand (out indefinitely)
21600785,1610612743.0,DEN,Denver,202702.0,Kenneth Faried,F,,9.866666666666667,113.9,115.0,137.7,136.8,-23.9,-21.8,0.111,0.0,25.0,0.071,0.091,0.08,0.0,0.0,0.174,0.107,0.11,95.06,94.86,79.05,20.0,-0.011000000000000001,2017-02-08,2016-17,Nuggets,Kenneth Faried,sprained right ankle (DTD)
21600787,1610612749.0,MIL,Milwaukee,203953.0,Jabari Parker,F,,20.166666666666668,82.5,82.9,111.7,117.5,-29.2,-34.6,0.28600000000000003,1.0,12.5,0.0,0.05,0.024,12.5,0.545,0.568,0.318,0.324,99.11,96.4,80.33,41.0,0.098,2017-02-08,2016-17,Bucks,Jabari Parker,torn ACL in left knee (out for season)
21600834,1610612759.0,SAS,San Antonio,1938.0,Manu Ginobili,,,15.75,114.6,116.7,80.4,82.9,34.3,33.8,0.11800000000000001,0.0,50.0,0.055999999999999994,0.067,0.061,0.0,0.5,0.5,0.05,0.052000000000000005,110.81,108.19,90.16,36.0,0.054000000000000006,2017-02-15,2016-17,Spurs,Manu Ginobili,left ankle impingement (DTD)
21600834,1610612753.0,ORL,Orlando,201228.0,C.J. Watson,G,,12.016666666666667,69.6,75.0,98.8,108.0,-29.3,-33.0,0.0,0.0,0.0,0.0,0.0,0.0,20.0,0.875,0.875,0.185,0.179,106.25,97.86,81.55,24.0,0.12,2017-02-15,2016-17,Magic,C.J. Watson,sore right Achilles (DTD)
21600852,1610612740.0,NOP,New Orleans,201956.0,Omri Casspi,,,23.716666666666665,107.0,109.6,128.2,123.2,-21.2,-13.6,0.0,0.0,0.0,0.043,0.036000000000000004,0.039,18.2,0.667,0.667,0.19,0.18600000000000005,108.39,109.28,91.07,52.0,0.039,2017-02-23,2016-17,Pelicans,Omri Casspi,fractured right thumb (out indefinitely)
21600853,1610612752.0,NYK,New York,204001.0,Kristaps Porzingis,F,,15.583333333333334,81.6,88.2,106.6,105.9,-25.0,-17.6,0.0,0.0,0.0,0.045,0.2,0.11900000000000001,0.0,0.4,0.4,0.244,0.245,108.59,104.7,87.25,34.0,0.113,2017-02-23,2016-17,Knicks,Kristaps Porzingis,sprained right ankle (DTD)
21600902,1610612754.0,IND,Indiana,201152.0,Thaddeus Young,F,,11.066666666666666,96.7,100.0,118.1,109.1,-21.4,-9.1,0.16699999999999998,0.5,11.1,0.182,0.0,0.105,22.2,0.33299999999999996,0.33299999999999996,0.32,0.311,93.43,95.42,79.52,22.0,-0.048,2017-03-01,2016-17,Pacers,Thaddeus Young,placed on IL
21601006,1610612750.0,MIN,Minnesota,202357.0,Nemanja Bjelica,,,11.316666666666666,146.3,152.4,91.0,95.5,55.3,56.9,0.077,1.0,16.7,0.091,0.33299999999999996,0.2,16.7,0.375,0.375,0.192,0.193,95.35,91.19,75.99,21.0,0.051,2017-03-15,2016-17,Timberwolves,Nemanja Bjelica,left ankle / foot injury (out for season)
21601006,1610612750.0,MIN,Minnesota,202362.0,Lance Stephenson,,,2.0833333333333335,77.3,60.0,75.0,75.0,2.3,-15.0,0.0,0.0,0.0,0.0,0.0,0.0,0.0,0.0,0.0,0.0,0.0,90.78,103.68,86.4,5.0,0.0,2017-03-15,2016-17,Timberwolves,Lance Stephenson,sprained left ankle (DTD)
21601009,1610612741.0,CHI,Chicago,2548.0,Dwyane Wade,G,,22.566666666666666,107.1,110.0,111.7,111.9,-4.6,-1.9,0.28600000000000003,2.0,22.2,0.0,0.115,0.06,11.1,0.318,0.337,0.304,0.304,88.44,87.21,72.67,40.0,0.046,2017-03-15,2016-17,Bulls,Dwyane Wade,fractured right elbow (out indefinitely)
21601031,1610612746.0,LAC,LA,202325.0,Wesley Johnson,,,6.733333333333333,112.6,107.1,100.0,100.0,12.6,7.1,0.0,0.0,0.0,0.0,0.2,0.14300000000000002,0.0,0.0,0.0,0.0,0.0,93.81,96.24,80.2,14.0,0.02,2017-03-18,2016-17,Clippers,Wes Johnson,placed on IL
21601047,1610612764.0,WAS,Washington,202693.0,Markieff Morris,F,,30.55,94.0,96.9,121.6,123.1,-27.6,-26.2,0.0,0.0,0.0,0.027000000000000003,0.091,0.057,0.0,0.433,0.45299999999999996,0.2,0.2,104.36,102.13,85.11,65.0,0.04,2017-03-20,2016-17,Wizards,Markieff Morris,placed on IL
21601131,1610612742.0,DAL,Dallas,203552.0,Seth Curry,G,,14.05,111.8,111.1,79.6,78.6,32.2,32.5,0.0,0.0,0.0,0.0,0.067,0.036000000000000004,0.0,0.9,0.9490000000000001,0.214,0.21600000000000005,93.06,93.95,78.29,27.0,0.214,2017-03-31,2016-17,Mavericks,Seth Curry,sore left shoulder (out for season)
21700001,1610612738.0,BOS,Boston,202330.0,Gordon Hayward,F,,5.25,100.0,109.1,87.2,81.8,12.8,27.3,0.0,0.0,0.0,0.0,0.2,0.091,0.0,0.5,0.5,0.154,0.154,102.03,100.57,83.81,11.0,0.048,2017-10-17,2017-18,Celtics,Gordon Hayward,fractured tibia in left leg and dislocated left ankle (out for season)
21700004,1610612751.0,BKN,Brooklyn,202391.0,Jeremy Lin,G,,25.183333333333334,108.9,109.5,120.7,119.0,-11.8,-9.5,0.235,1.33,18.2,0.0,0.0,0.0,13.6,0.45799999999999996,0.597,0.254,0.26,119.62,120.08,100.07,63.0,0.071,2017-10-18,2017-18,Nets,Jeremy Lin,ruptured patella tendon in right knee (out for season)
21700021,1610612739.0,CLE,Cleveland,201565.0,Derrick Rose,G,,22.883333333333333,128.5,132.7,120.4,114.3,8.1,18.4,0.05,1.0,11.1,0.063,0.053,0.057,11.1,0.75,0.904,0.151,0.149,101.86,102.78,85.65,49.0,0.121,2017-10-20,2017-18,Cavaliers,Derrick Rose,sprained left ankle (DTD)
21700027,1610612761.0,TOR,Toronto,202685.0,Jonas Valanciunas,C,,15.0,90.1,93.8,99.5,100.0,-9.4,-6.3,0.0,0.0,0.0,0.0,0.235,0.11800000000000001,0.0,0.5,0.512,0.14300000000000002,0.146,107.9,105.6,88.0,32.0,0.11900000000000001,2017-10-21,2017-18,Raptors,Jonas Valanciunas,sore/sprained left ankle (DTD)
21700093,1610612748.0,MIA,Miami,1627855.0,Okaro White,,,16.566666666666666,120.5,115.8,104.4,100.0,16.1,15.8,0.0,0.0,0.0,0.1,0.0,0.04,0.0,1.25,1.042,0.073,0.076,105.64,110.1,91.75,38.0,0.09300000000000001,2017-10-30,2017-18,Heat,Okaro White,placed on IL
21700133,1610612741.0,CHI,Chicago,1628021.0,David Nwaba,F,,19.8,88.9,90.5,67.9,71.4,21.0,19.0,0.154,2.0,20.0,0.033,0.13,0.075,10.0,0.5,0.5,0.157,0.158,105.41,101.82,84.85,42.0,0.109,2017-11-04,2017-18,Bulls,David Nwaba,sprained right ankle (DTD)
21700240,1610612743.0,DEN,Denver,200794.0,Paul Millsap,F,,13.25,106.3,103.6,135.0,142.9,-28.6,-39.3,0.33299999999999996,0.0,28.6,0.133,0.16699999999999998,0.14800000000000002,0.0,0.5,0.5,0.14300000000000002,0.142,103.1,101.43,84.53,28.0,0.08800000000000001,2017-11-19,2017-18,Nuggets,Paul Millsap,sore left wrist (DTD)
21700289,1610612751.0,BKN,Brooklyn,202344.0,Trevor Booker,,,30.783333333333335,120.3,121.1,87.0,85.7,33.3,35.3,0.25,4.0,23.5,0.12,0.242,0.19,5.9,0.6,0.68,0.188,0.193,87.71,88.09,73.4,57.0,0.275,2017-11-26,2017-18,Nets,Trevor Booker,right big toe inflammation (DTD)
21700306,1610612752.0,NYK,New York,204001.0,Kristaps Porzingis,F,,2.5,140.0,140.0,100.0,100.0,40.0,40.0,0.0,0.0,0.0,0.0,0.0,0.0,33.3,1.0,1.0,0.6,0.6,96.0,96.0,80.0,5.0,0.182,2017-11-29,2017-18,Knicks,Kristaps Porzingis,sore ankle (DTD)
21700307,1610612761.0,TOR,Toronto,203512.0,Lucas Nogueira,,,8.266666666666667,140.8,138.9,71.6,66.7,69.2,72.2,0.0,0.0,0.0,0.0,0.1,0.053,0.0,0.5,0.5,0.15,0.152,100.22,104.52,87.1,18.0,0.0,2017-11-29,2017-18,Raptors,Lucas Nogueira,strained right calf (DTD)
21700315,1610612743.0,DEN,Denver,203999.0,Nikola Jokic,C,,15.916666666666666,128.7,126.7,143.6,146.7,-14.9,-20.0,0.33299999999999996,0.0,36.4,0.11800000000000001,0.28600000000000003,0.16699999999999998,0.0,0.5,0.581,0.18899999999999997,0.192,90.76,90.52,75.43,30.0,0.134,2017-11-30,2017-18,Nuggets,Nikola Jokic,sprained left ankle (DTD)
21700331,1610612758.0,SAC,Sacramento,1626161.0,Willie Cauley-Stein,F,,8.733333333333333,59.4,65.0,145.8,142.1,-86.4,-77.1,0.5,1.0,25.0,0.0,0.0,0.0,25.0,0.33299999999999996,0.387,0.273,0.27399999999999997,111.02,107.18,89.31,20.0,-0.066,2017-12-02,2017-18,Kings,Willie Cauley-Stein,sore back (DTD)
21700331,1610612758.0,SAC,Sacramento,203960.0,JaKarr Sampson,,,24.9,108.7,110.6,103.5,104.4,5.2,6.2,0.059000000000000004,0.0,14.3,0.043,0.111,0.073,0.0,0.33299999999999996,0.33299999999999996,0.11800000000000001,0.11599999999999999,89.87,88.67,73.9,47.0,0.0,2017-12-02,2017-18,Kings,JaKarr Sampson,placed on IL
21700425,1610612763.0,MEM,Memphis,201936.0,Tyreke Evans,G,,29.95,85.9,86.7,95.5,91.8,-9.6,-5.1,0.273,3.0,15.8,0.0,0.067,0.035,5.3,0.733,0.733,0.242,0.244,95.49,96.96,80.8,60.0,0.19399999999999998,2017-12-15,2017-18,Grizzlies,Tyreke Evans,placed on IL with sore right hip
21700469,1610612763.0,MEM,Memphis,201188.0,Marc Gasol,C,,38.21666666666667,101.1,104.2,101.1,100.0,0.1,4.2,0.20800000000000002,2.5,19.2,0.085,0.175,0.126,7.7,0.342,0.342,0.231,0.23800000000000002,89.43,88.55,73.79,71.0,0.10300000000000001,2017-12-21,2017-18,Grizzlies,Marc Gasol,placed on IL with tightness in right groin
21700483,1610612753.0,ORL,Orlando,202696.0,Nikola Vucevic,C,,5.05,121.5,120.0,145.3,150.0,-23.9,-30.0,0.2,1.0,33.3,0.0,0.0,0.0,33.3,0.0,0.266,0.2,0.20199999999999999,96.0,95.05,79.21,10.0,-0.07400000000000001,2017-12-23,2017-18,Magic,Nikola Vucevic,fractured left hand (out indefinitely)
21700533,1610612757.0,POR,Portland,203943.0,Noah Vonleh,,,3.533333333333333,102.0,100.0,60.0,50.0,42.0,50.0,0.0,0.0,0.0,0.0,0.16699999999999998,0.125,0.0,1.0,1.0,0.16699999999999998,0.17,73.9,81.51,67.92,6.0,0.316,2017-12-30,2017-18,Blazers,Noah Vonleh,placed on IL
21700588,1610612756.0,PHX,Phoenix,1627737.0,Marquese Chriss,F,,10.366666666666667,100.2,95.8,136.4,137.5,-36.2,-41.7,0.28600000000000003,0.0,33.3,0.0,0.0,0.0,0.0,0.0,0.258,0.14800000000000002,0.154,109.18,111.13,92.6,24.0,0.049,2018-01-07,2017-18,Suns,Marquese Chriss,strained right hip flexor (DTD)
21700720,1610612740.0,NOP,New Orleans,202326.0,DeMarcus Cousins,C,,29.966666666666665,118.8,122.2,93.2,95.3,25.6,26.9,0.45799999999999996,2.2,36.7,0.048,0.375,0.245,16.7,0.5,0.528,0.28800000000000003,0.289,104.38,101.72,84.77,63.0,0.185,2018-01-26,2017-18,Pelicans,DeMarcus Cousins,torn left Achilles tendon (out for season)
21700724,1610612760.0,OKC,Oklahoma City,203460.0,Andre Roberson,G,,22.083333333333332,143.2,151.1,79.9,80.0,63.4,71.1,0.042,0.0,33.3,0.059000000000000004,0.19,0.132,0.0,1.0,1.025,0.038,0.037000000000000005,100.59,97.81,81.51,45.0,0.138,2018-01-27,2017-18,Thunder,Andre Roberson,torn patellar tendon in left knee (out for season)
21700747,1610612739.0,CLE,Cleveland,201567.0,Kevin Love,F,,4.683333333333334,60.0,60.0,90.9,90.9,-30.9,-30.9,0.0,0.0,0.0,0.0,0.0,0.0,0.0,0.0,0.0,0.0,0.0,107.62,107.62,89.68,10.0,0.0,2018-01-30,2017-18,Cavaliers,Kevin Love,fractured left hand (out indefinitely)
21700760,1610612756.0,PHX,Phoenix,203477.0,Isaiah Canaan,,,4.966666666666667,200.0,180.0,123.9,122.2,76.1,57.8,0.2,1.0,25.0,0.0,0.0,0.0,25.0,0.75,0.75,0.25,0.273,86.37,91.78,76.48,10.0,0.1,2018-01-31,2017-18,Suns,Isaiah Canaan,fractured left ankle (out indefinitely)
21700801,1610612752.0,NYK,New York,204001.0,Kristaps Porzingis,F,,11.4,91.6,100.0,75.4,76.0,16.2,24.0,0.0,0.0,0.0,0.0,0.14300000000000002,0.071,0.0,0.9,0.74,0.25,0.248,108.21,103.16,85.96,24.0,0.24100000000000002,2018-02-06,2017-18,Knicks,Kristaps Porzingis,torn ACL in left knee (out for season)
21700807,1610612739.0,CLE,Cleveland,201565.0,Derrick Rose,,,7.433333333333334,138.2,127.8,126.9,117.6,11.3,10.1,0.375,0.0,42.9,0.0,0.0,0.0,0.0,0.33299999999999996,0.387,0.2,0.215,104.61,113.0,94.17,18.0,0.075,2018-02-07,2017-18,Cavaliers,Derrick Rose,placed on IL for rest
21700929,1610612764.0,WAS,Washington,201160.0,Jason Smith,,,3.3666666666666667,57.1,57.1,150.3,157.1,-93.1,-100.0,0.0,0.0,0.0,0.0,0.0,0.0,0.0,0.5,0.5,0.222,0.222,102.08,99.8,83.17,7.0,0.1,2018-03-02,2017-18,Wizards,Jason Smith,placed on IL
21700975,1610612756.0,PHX,Phoenix,1628432.0,Davon Reed,,,16.366666666666667,83.9,88.2,130.8,132.4,-46.9,-44.1,0.083,0.0,12.5,0.0,0.273,0.083,0.0,0.14300000000000002,0.14300000000000002,0.184,0.185,102.88,99.71,83.1,34.0,-0.013999999999999999,2018-03-08,2017-18,Suns,Davon Reed,placed on IL
21700983,1610612743.0,DEN,Denver,203486.0,Mason Plumlee,,,18.066666666666666,106.8,107.9,123.4,130.6,-16.7,-22.7,0.154,0.0,22.2,0.091,0.158,0.122,0.0,0.5,0.602,0.163,0.16899999999999998,101.6,98.3,81.92,38.0,0.113,2018-03-09,2017-18,Nuggets,Mason Plumlee,placed on IL
21701040,1610612743.0,DEN,Denver,2734.0,Devin Harris,,,26.4,118.2,117.3,98.5,96.4,19.7,20.9,0.105,0.0,20.0,0.0,0.067,0.034,0.0,0.667,0.644,0.136,0.13699999999999998,95.83,97.29,81.07,52.0,0.09699999999999999,2018-03-17,2017-18,Nuggets,Devin Harris,placed on IL with right knee injury
21701087,1610612737.0,ATL,Atlanta,1628381.0,John Collins,F,,31.65,90.4,86.6,102.1,103.1,-11.7,-16.6,0.055999999999999994,1.0,10.0,0.028999999999999998,0.158,0.09699999999999999,10.0,0.5710000000000001,0.5710000000000001,0.122,0.136,97.67,99.34,82.78,67.0,0.094,2018-03-23,2017-18,Hawks,John Collins ,returned to lineup
21701213,1610612754.0,IND,Indiana,1628387.0,Ike Anigbogu,,,2.1666666666666665,50.0,40.0,147.1,160.0,-97.1,-120.0,0.0,0.0,0.0,0.0,0.0,0.0,0.0,0.0,0.0,0.0,0.0,104.57,110.77,92.31,5.0,0.0,2018-04-10,2017-18,Pacers,Ike Anigbogu,placed on IL
21701218,1610612745.0,HOU,Houston,201601.0,Luc Mbah a Moute,,,7.833333333333333,87.5,93.3,110.3,112.5,-22.8,-19.2,0.0,0.0,0.0,0.0,0.33299999999999996,0.125,0.0,0.25,0.25,0.235,0.25,99.02,94.98,79.15,15.0,0.031,2018-04-10,2017-18,Rockets,Luc Mbah a Moute,dislocated right shoulder (DTD)
41100101,1610612741.0,CHI,Chicago,201565.0,Derrick Rose,G,,37.21666666666667,109.6,111.0,101.4,102.7,8.2,8.2,0.409,1.8,23.7,0.091,0.136,0.11699999999999999,13.2,0.457,0.48200000000000004,0.341,0.34600000000000003,95.39,94.15,78.46,73.0,0.153,2012-04-28,2011-12,Bulls,Derrick Rose,torn ACL in left knee (out for season)
41100111,1610612752.0,NYK,New York,202697.0,Iman Shumpert,G,,19.316666666666666,61.5,61.1,123.9,135.1,-62.4,-74.0,0.0,0.0,0.0,0.0,0.067,0.031,33.3,0.0,0.0,0.071,0.07200000000000001,94.58,90.7,75.58,36.0,-0.087,2012-04-28,2011-12,Knicks,Iman Shumpert,torn lateral meniscus / ACL (CBC) in left knee (out for season)
41100112,1610612752.0,NYK,New York,2405.0,Amar'e Stoudemire,F,,41.05,111.4,115.3,126.4,127.8,-14.9,-12.5,0.0,0.0,0.0,0.032,0.17600000000000002,0.10800000000000001,7.1,0.667,0.6940000000000001,0.175,0.174,86.13,84.21,70.17,72.0,0.106,2012-04-30,2011-12,Knicks,Amar'e Stoudemire,left hand injury (DTD)
41100114,1610612752.0,NYK,New York,1884.0,Baron Davis,G,,25.366666666666667,91.9,95.8,86.1,87.2,5.8,8.6,0.11800000000000001,0.5,18.2,0.0,0.0,0.0,36.4,0.0,0.205,0.16399999999999998,0.16399999999999998,92.38,89.88,74.9,48.0,-0.162,2012-05-06,2011-12,Knicks,Baron Davis,"torn ACL, MCL, and patella tendon in right knee (out for season)"
41100171,1610612746.0,LAC,Los Angeles,2406.0,Caron Butler,F,,23.2,76.8,78.6,144.1,142.9,-67.3,-64.3,0.125,0.5,6.3,0.038,0.063,0.048,12.5,0.41700000000000004,0.466,0.306,0.306,87.52,86.9,72.41,42.0,0.073,2012-04-29,2011-12,Clippers,Caron Butler,fractured metacarpal bone in left hand (out for season)
41200171,1610612746.0,LAC,Los Angeles,2584.0,Willie Green,,,1.8,174.4,150.0,103.1,100.0,71.3,50.0,0.0,0.0,0.0,0.0,0.5,0.33299999999999996,0.0,0.0,0.0,0.0,0.0,97.6,106.67,88.89,4.0,0.1,2013-04-20,2012-13,Clippers,Willie Green,placed on IL
41300101,1610612737.0,ATL,Atlanta,201952.0,Jeff Teague,G,,35.43333333333333,110.0,108.6,95.5,95.8,14.5,12.8,0.33299999999999996,2.5,16.1,0.0,0.077,0.042,6.5,0.5,0.598,0.34700000000000003,0.34600000000000003,95.07,95.5,79.59,70.0,0.21899999999999997,2014-04-19,2013-14,Hawks,Jeff Teague,placed on IL (out for season)
41400213,1610612741.0,CHI,Chicago,201149.0,Joakim Noah,C,,21.55,89.4,90.2,96.0,95.1,-6.6,-4.9,0.0,0.0,0.0,0.188,0.185,0.18600000000000005,18.2,0.125,0.225,0.19,0.19899999999999998,91.35,91.31,76.09,41.0,0.024,2015-05-08,2014-15,Bulls,Joakim Noah,fined $25K by NBA for pushing fan while walking to locker room
41400233,1610612746.0,LAC,Los Angeles,2440.0,Matt Barnes,F,,29.65,130.7,124.6,117.1,116.7,13.6,7.9,0.07400000000000001,1.0,25.0,0.0,0.115,0.06,25.0,0.5,0.735,0.086,0.08900000000000001,95.47,97.93,81.61,61.0,0.039,2015-05-08,2014-15,Clippers,Matt Barnes,"fined $50,000 by NBA for using inappropriate language during game"
41500122,1610612766.0,CHA,Charlotte,201587.0,Nicolas Batum,F,,34.416666666666664,104.2,107.7,132.8,135.4,-28.5,-27.7,0.111,1.5,17.6,0.025,0.261,0.111,11.8,0.273,0.365,0.175,0.177,93.05,90.65,75.54,65.0,0.059000000000000004,2016-04-20,2015-16,Hornets,Nicolas Batum,strained left foot (DTD)
41500141,1610612744.0,GSW,Golden State,201939.0,Stephen Curry,G,,19.816666666666666,119.3,120.0,59.7,57.8,59.5,62.2,0.154,0.5,10.0,0.05,0.222,0.149,20.0,0.8079999999999999,0.838,0.34600000000000003,0.35100000000000003,107.55,109.0,90.83,45.0,0.505,2016-04-16,2015-16,Warriors,Stephen Curry,sprained right ankle (DTD)
41500174,1610612746.0,LAC,LA,101108.0,Chris Paul,G,,24.583333333333332,86.8,86.3,96.3,100.0,-9.5,-13.7,0.444,0.0,21.1,0.0,0.038,0.018000000000000002,0.0,0.5,0.5379999999999999,0.268,0.27399999999999997,101.19,99.55,82.96,51.0,0.196,2016-04-25,2015-16,Clippers,Chris Paul,fractured right hand (out for season)
41500213,1610612761.0,TOR,Toronto,202685.0,Jonas Valanciunas,C,,22.05,114.8,118.4,83.9,86.8,30.9,31.6,0.083,0.5,5.9,0.16699999999999998,0.409,0.3,11.8,0.583,0.563,0.381,0.379,85.46,82.72,68.93,38.0,0.252,2016-05-07,2015-16,Raptors,Jonas Valanciunas,sprained right ankle (DTD)
41500213,1610612748.0,MIA,Miami,202355.0,Hassan Whiteside,C,,8.433333333333334,75.6,70.6,100.7,106.3,-25.1,-35.7,0.0,0.0,0.0,0.0,0.0,0.0,0.0,1.0,1.042,0.16699999999999998,0.18899999999999997,93.23,93.91,78.26,17.0,0.231,2016-05-07,2015-16,Heat,Hassan Whiteside,sprained MCL in right knee (out for season)
41500402,1610612739.0,CLE,Cleveland,201567.0,Kevin Love,F,,20.766666666666666,80.6,85.4,105.2,102.4,-24.5,-17.0,0.0,0.0,0.0,0.0,0.13,0.06,12.5,0.35700000000000004,0.35700000000000004,0.16699999999999998,0.16899999999999998,97.4,95.92,79.94,41.0,0.045,2016-06-05,2015-16,Cavaliers,Kevin Love,concussion (DTD)
41600121,1610612749.0,MIL,Milwaukee,203521.0,Matthew Dellavedova,,,31.516666666666666,97.7,96.5,82.1,86.0,15.6,10.5,0.0,0.0,0.0,0.0,0.027999999999999997,0.013999999999999999,8.3,0.389,0.511,0.19,0.193,88.3,86.81,72.34,57.0,0.064,2017-04-15,2016-17,Bucks,Matthew Dellavedova,returned to lineup
41600174,1610612762.0,UTA,Utah,202330.0,Gordon Hayward,F,,9.2,69.3,65.0,86.6,85.0,-17.3,-20.0,0.0,0.0,0.0,0.0,0.222,0.1,25.0,0.5,0.5,0.19,0.20199999999999999,100.17,104.35,86.96,20.0,0.091,2017-04-23,2016-17,Jazz,Gordon Hayward,food poisoning (DTD)
41600311,1610612759.0,SAS,San Antonio,202695.0,Kawhi Leonard,F,,23.9,128.2,133.3,92.0,91.5,36.2,41.8,0.214,3.0,14.3,0.2,0.154,0.174,4.8,0.5770000000000001,0.7290000000000001,0.321,0.311,97.08,95.43,79.53,48.0,0.32299999999999995,2017-05-14,2016-17,Spurs,Kawhi Leonard,sprained left ankle (DTD)
41600311,1610612744.0,GSW,Golden State,2738.0,Andre Iguodala,,,10.2,58.0,54.2,134.7,145.5,-76.6,-91.3,0.5,1.0,33.3,0.0,0.0,0.0,33.3,1.0,1.0,0.083,0.08900000000000001,108.61,108.24,90.2,24.0,0.09699999999999999,2017-05-14,2016-17,Warriors,Andre Iguodala,sore left knee (DTD)
41700133,1610612754.0,IND,Indiana,201152.0,Thaddeus Young,F,,33.38333333333333,97.5,101.5,100.4,98.5,-3.0,3.1,0.055999999999999994,1.0,8.3,0.16699999999999998,0.065,0.115,8.3,0.6,0.6,0.145,0.149,95.19,94.16,78.47,65.0,0.14,2018-04-20,2017-18,Pacers,Thaddeus Young,placed on IL with sinus infection
