game_date,Team,team_id,player,game_id
2010-10-26,Blazers,1610612757,Elliot Williams,21000002
2010-10-26,Blazers,1610612757,Greg Oden,21000002
2010-10-26,Blazers,1610612757,Joel Przybilla,21000002
2010-10-26,Celtics,1610612738,Avery Bradley,21000001
2010-10-26,Celtics,1610612738,Kendrick Perkins,21000001
2010-10-26,Celtics,1610612738,Luke Harangody,21000001
2010-10-26,Heat,1610612748,Dexter Pittman,21000001
2010-10-26,Heat,1610612748,Jerry Stackhouse,21000001
2010-10-26,Heat,1610612748,Mario Chalmers,21000001
2010-10-26,Heat,1610612748,Mike Miller,21000001
2010-10-26,Lakers,1610612747,Andrew Bynum,21000003
2010-10-26,Lakers,1610612747,Luke Walton,21000003
2010-10-26,Rockets,1610612745,Jermaine Taylor,21000003
2010-10-26,Rockets,1610612745,Kyle Lowry,21000003
2010-10-26,Rockets,1610612745,Patrick Patterson,21000003
2010-10-26,Suns,1610612756,Gani Lawal,21000002
2010-10-26,Suns,1610612756,Matt Janning,21000002
2010-10-27,76ers,1610612755,Craig Brackins,21000006
2010-10-27,76ers,1610612755,Jodie Meeks,21000006
2010-10-27,Bobcats,1610612766,Dominic McGuire,21000012
2010-10-27,Bobcats,1610612766,Eduardo Najera,21000012
2010-10-27,Bobcats,1610612766,Kwame Brown,21000012
2010-10-27,Hornets,1610612766,Aaron Gray,21000012
2010-10-27,Hornets,1610612766,Joe Alexander,21000012
2010-10-27,Hornets,1610612766,Quincy Pondexter,21000012
2010-10-27,Bucks,1610612749,Chris Douglas-Roberts,21000010
2010-10-27,Bucks,1610612749,Jon Brockman,21000010
2010-10-27,Bucks,1610612749,Luc Mbah a Moute,21000010
2010-10-27,Bucks,1610612749,Michael Redd,21000010
2010-10-27,Bulls,1610612741,Carlos Boozer,21000011
2010-10-27,Cavaliers,1610612739,Christian Eyenga,21000004
2010-10-27,Cavaliers,1610612739,Mo Williams,21000004
2010-10-27,Cavaliers,1610612739,Samardo Samuels,21000004
2010-10-27,Clippers,1610612746,Craig Smith,21000016
2010-10-27,Clippers,1610612746,Willie Warren,21000016
2010-10-27,Grizzlies,1610612763,Greivis Vasquez,21000008
2010-10-27,Grizzlies,1610612763,Marc Gasol,21000008
2010-10-27,Hawks,1610612737,Etan Thomas,21000008
2010-10-27,Hawks,1610612737,Pape Sy,21000008
2010-10-27,Heat,1610612748,Jamaal Magloire,21000006
2010-10-27,Jazz,1610612762,Mehmet Okur,21000014
2010-10-27,Kings,1610612758,Antoine Wright,21000009
2010-10-27,Kings,1610612758,Samuel Dalembert,21000009
2010-10-27,Knicks,1610612752,Anthony Randolph,21000007
2010-10-27,Knicks,1610612752,Eddy Curry,21000007
2010-10-27,Knicks,1610612752,Kelenna Azubuike,21000007
2010-10-27,Mavericks,1610612742,Alex Ajinca,21000012
2010-10-27,Mavericks,1610612742,Rodrigue Beaubois,21000012
2010-10-27,Mavericks,1610612742,Steve Novak,21000012
2010-10-27,Nets,1610612751,Ben Uzoh,21000005
2010-10-27,Nets,1610612751,Quinton Ross,21000005
2010-10-27,Nets,1610612751,Troy Murphy,21000005
2010-10-27,Nuggets,1610612743,Chris Andersen,21000014
2010-10-27,Nuggets,1610612743,Kenyon Martin,21000014
2010-10-27,Pacers,1610612754,A.J. Price,21000013
2010-10-27,Pacers,1610612754,Dahntay Jones,21000013
2010-10-27,Pacers,1610612754,Lance Stephenson,21000013
2010-10-27,Pistons,1610612765,Chris Wilcox,21000005
2010-10-27,Pistons,1610612765,Jonas Jerebko,21000005
2010-10-27,Pistons,1610612765,Terrico White,21000005
2010-10-27,Raptors,1610612761,Ed Davis ,21000007
2010-10-27,Raptors,1610612761,Marcus Banks,21000007
2010-10-27,Raptors,1610612761,Solomon Alabi,21000007
2010-10-27,Rockets,1610612745,Yao Ming,21000015
2010-10-27,Spurs,1610612759,Alonzo Gee,21000013
2010-10-27,Spurs,1610612759,Tiago Splitter,21000013
2010-10-27,Thunder,1610612760,B.J. Mullens,21000011
2010-10-27,Thunder,1610612760,Morris Peterson,21000011
2010-10-27,Thunder,1610612760,Nick Collison,21000011
2010-10-27,Timberwolves,1610612750,Jonny Flynn,21000009
2010-10-27,Timberwolves,1610612750,Martell Webster,21000009
2010-10-27,Timberwolves,1610612750,Maurice Ager,21000009
2010-10-27,Warriors,1610612744,Ekpe Udoh,21000015
2010-10-27,Warriors,1610612744,Jeremy Lin,21000015
2010-10-27,Warriors,1610612744,Lou Amundson,21000015
2010-10-28,Magic,1610612753,Daniel Orton,21000017
2010-10-28,Magic,1610612753,Malik Allen,21000017
2010-10-28,Wizards,1610612764,Gilbert Arenas,21000017
2010-10-28,Wizards,1610612764,Josh Howard,21000017
2010-10-28,Wizards,1610612764,Kevin Seraphin,21000017
2010-10-29,Celtics,1610612738,Jermaine O'Neal,21000023
2010-10-29,Grizzlies,1610612763,Zach Randolph,21000028
2010-10-29,Hawks,1610612737,Maurice Evans,21000021
2010-10-29,Heat,1610612748,Juwan Howard,21000025
2010-10-29,Kings,1610612758,Pooh Jeter,21000020
2010-10-29,Kings,1610612758,Hassan Whiteside,21000020
2010-10-29,Pistons,1610612765,Will Bynum,21000024
2010-10-29,Raptors,1610612761,Joey Dorsey,21000022
2010-10-29,Warriors,1610612744,Jeff Adrien,21000029
2010-10-30,Cavaliers,1610612739,Samardo Samuels,21000032
2010-10-30,Grizzlies,1610612763,Xavier Henry,21000036
2010-10-30,Pacers,1610612754,Jeff Foster,21000034
2010-10-30,Pistons,1610612765,Will Bynum,21000035
2010-10-30,Rockets,1610612745,Ish Smith,21000037
2010-10-30,Spurs,1610612759,Matt Bonner,21000039
2010-10-31,Clippers,1610612746,Randy Foye,21000041
2010-10-31,Warriors,1610612744,Stephen Curry,21000043
2010-11-01,Clippers,1610612746,Baron Davis,21000046
2010-11-01,Raptors,1610612761,Marcus Banks,21000045
2010-11-01,Spurs,1610612759,Alonzo Gee,21000046
2010-11-02,Blazers,1610612757,Patty Mills,21000052
2010-11-02,Cavaliers,1610612739,Antawn Jamison,21000047
2010-11-02,Celtics,1610612738,Shaquille O'Neal,21000049
2010-11-02,Grizzlies,1610612763,Greivis Vasquez,21000053
2010-11-02,Heat,1610612748,Jamaal Magloire,21000050
2010-11-02,Pistons,1610612765,Richard Hamilton,21000049
2010-11-02,Pistons,1610612765,Will Bynum,21000049
2010-11-03,Grizzlies,1610612763,DeMarre Carroll,21000063
2010-11-03,Hawks,1610612737,Jamal Crawford,21000054
2010-11-03,Hornets,1610612766,Peja Stojakovic,21000055
2010-11-03,Jazz,1610612762,Jeremy Evans,21000061
2010-11-03,Jazz,1610612762,Kyrylo Fesenko,21000061
2010-11-03,Nets,1610612751,Joe Smith ,21000055
2010-11-03,Nets,1610612751,Stephen Graham,21000055
2010-11-03,Nuggets,1610612743,Nene Hilario ,21000060
2010-11-03,Pistons,1610612765,Richard Hamilton,21000054
2010-11-03,Pistons,1610612765,Will Bynum,21000054
2010-11-03,Rockets,1610612745,Jermaine Taylor,21000059
2010-11-03,Spurs,1610612759,George Hill,21000062
2010-11-03,Timberwolves,1610612750,Michael Beasley,21000056
2010-11-03,Warriors,1610612744,Brandan Wright,21000063
2010-11-04,Blazers,1610612757,Elliot Williams,21000067
2010-11-04,Knicks,1610612752,Shawne Williams,21000066
2010-11-05,Bucks,1610612749,Andrew Bogut,21000068
2010-11-05,Grizzlies,1610612763,Hamed Haddadi,21000076
2010-11-05,Hawks,1610612737,Marvin Williams,21000074
2010-11-05,Jazz,1610612762,Jeremy Evans,21000078
2010-11-05,Lakers,1610612747,Devin Ebanks,21000079
2010-11-05,Nuggets,1610612743,Nene Hilario ,21000077
2010-11-05,Timberwolves,1610612750,Maurice Ager,21000074
2010-11-05,Warriors,1610612744,Jeremy Lin,21000078
2010-11-06,Blazers,1610612757,Elliot Williams,21000087
2010-11-06,Blazers,1610612757,Rudy Fernandez,21000087
2010-11-06,Heat,1610612748,Juwan Howard,21000082
2010-11-06,Magic,1610612753,Jameer Nelson,21000080
2010-11-06,Nuggets,1610612743,Nene Hilario ,21000085
2010-11-06,Raptors,1610612761,Sonny Weems,21000087
2010-11-06,Raptors,1610612761,Sonny Weems,21000087
2010-11-06,Rockets,1610612745,Kyle Lowry,21000084
2010-11-06,Rockets,1610612745,Yao Ming,21000084
2010-11-07,76ers,1610612755,Andre Iguodala,21000089
2010-11-07,Hawks,1610612737,Marvin Williams,21000090
2010-11-07,Rockets,1610612745,Aaron Brooks,21000092
2010-11-07,Thunder,1610612760,Jeff Green,21000093
2010-11-07,Timberwolves,1610612750,Lazar Hayward,21000092
2010-11-07,Warriors,1610612744,Jeff Adrien,21000091
2010-11-08,Hawks,1610612737,Marvin Williams,21000096
2010-11-08,Magic,1610612753,Mickael Pietrus,21000096
2010-11-08,Raptors,1610612761,Joey Dorsey,21000097
2010-11-08,Spurs,1610612759,Garrett Temple,21000095
2010-11-09,Bucks,1610612749,Carlos Delfino,21000104
2010-11-09,Cavaliers,1610612739,Manny Harris,21000102
2010-11-09,Clippers,1610612746,Eric Gordon,21000105
2010-11-09,Lakers,1610612747,Derrick Caracter,21000107
2010-11-09,Nets,1610612751,Terrence Williams,21000102
2010-11-09,Timberwolves,1610612750,Luke Ridnour,21000107
2010-11-10,Bucks,1610612749,Carlos Delfino,21000108
2010-11-10,Clippers,1610612746,Baron Davis,21000116
2010-11-10,Clippers,1610612746,Chris Kaman,21000116
2010-11-10,Clippers,1610612746,Eric Gordon,21000116
2010-11-10,Hawks,1610612737,Marvin Williams,21000108
2010-11-10,Kings,1610612758,Pooh Jeter,21000117
2010-11-10,Kings,1610612758,Hassan Whiteside,21000117
2010-11-10,Knicks,1610612752,Ronny Turiaf,21000113
2010-11-10,Magic,1610612753,Malik Allen,21000109
2010-11-10,Mavericks,1610612742,Caron Butler,21000114
2010-11-10,Nets,1610612751,Stephen Graham,21000112
2010-11-10,Nets,1610612751,Troy Murphy,21000112
2010-11-10,Raptors,1610612761,David Andersen,21000110
2010-11-10,Raptors,1610612761,Leandro Barbosa,21000110
2010-11-10,Rockets,1610612745,Jermaine Taylor,21000111
2010-11-10,Timberwolves,1610612750,Wayne Ellington,21000117
2010-11-10,Warriors,1610612744,Dan Gadzuric,21000113
2010-11-10,Wizards,1610612764,Kevin Seraphin,21000111
2010-11-10,Wizards,1610612764,Lester Hudson,21000111
2010-11-11,Celtics,1610612738,Jermaine O'Neal,21000118
2010-11-11,Lakers,1610612747,Theo Ratliff,21000120
2010-11-11,Warriors,1610612744,David Lee,21000119
2010-11-12,76ers,1610612755,Craig Brackins,21000126
2010-11-12,76ers,1610612755,Darius Songaila,21000126
2010-11-12,Clippers,1610612746,Chris Kaman,21000129
2010-11-12,Clippers,1610612746,Randy Foye,21000129
2010-11-12,Hawks,1610612737,Etan Thomas,21000121
2010-11-12,Raptors,1610612761,David Andersen,21000123
2010-11-12,Raptors,1610612761,Linas Kleiza,21000123
2010-11-12,Rockets,1610612745,Yao Ming,21000122
2010-11-13,Bucks,1610612749,Carlos Delfino,21000137
2010-11-13,Cavaliers,1610612739,Anderson Varejao,21000132
2010-11-13,Cavaliers,1610612739,Mo Williams,21000132
2010-11-13,Celtics,1610612738,Jermaine O'Neal,21000135
2010-11-13,Heat,1610612748,Jamaal Magloire,21000133
2010-11-13,Hornets,1610612766,Marcus Thornton ,21000130
2010-11-13,Nets,1610612751,Joe Smith ,21000131
2010-11-13,Raptors,1610612761,Ed Davis ,21000133
2010-11-13,Raptors,1610612761,Reggie Evans,21000133
2010-11-13,Spurs,1610612759,James Anderson,21000138
2010-11-14,Lakers,1610612747,Steve Blake,21000143
2010-11-14,Pistons,1610612765,DaJuan Summers,21000140
2010-11-14,Rockets,1610612745,Chase Budinger,21000142
2010-11-14,Thunder,1610612760,B.J. Mullens,21000141
2010-11-14,Thunder,1610612760,Daequan Cook,21000141
2010-11-14,Timberwolves,1610612750,Nikola Pekovic,21000139
2010-11-14,Timberwolves,1610612750,Wayne Ellington,21000139
2010-11-15,Bobcats,1610612766,Gerald Henderson Jr.,21000144
2010-11-15,Clippers,1610612746,Randy Foye,21000150
2010-11-15,Jazz,1610612762,Raja Bell,21000148
2010-11-15,Magic,1610612753,J.J. Redick,21000145
2010-11-15,Nets,1610612751,Damion James,21000150
2010-11-15,Suns,1610612756,Robin Lopez,21000147
2010-11-15,Thunder,1610612760,Jeff Green,21000148
2010-11-15,Timberwolves,1610612750,Nikola Pekovic,21000144
2010-11-15,Timberwolves,1610612750,Wayne Ellington,21000144
2010-11-16,76ers,1610612755,Andre Iguodala,21000151
2010-11-16,Blazers,1610612757,Brandon Roy,21000154
2010-11-16,Bucks,1610612749,Carlos Delfino,21000155
2010-11-16,Cavaliers,1610612739,Samardo Samuels,21000151
2010-11-16,Knicks,1610612752,Shawne Williams,21000157
2010-11-16,Lakers,1610612747,Theo Ratliff,21000155
2010-11-16,Pacers,1610612754,Darren Collison,21000152
2010-11-16,Pacers,1610612754,Tyler Hansbrough,21000152
2010-11-16,Raptors,1610612761,Solomon Alabi,21000153
2010-11-16,Wizards,1610612764,John Wall ,21000153
2010-11-16,Wizards,1610612764,Jianlian Yi,21000153
2010-11-17,Celtics,1610612738,Jermaine O'Neal,21000160
2010-11-17,Clippers,1610612746,Randy Foye,21000162
2010-11-17,Jazz,1610612762,Kyrylo Fesenko,21000165
2010-11-17,Mavericks,1610612742,Steve Novak,21000163
2010-11-17,Nets,1610612751,Ben Uzoh,21000165
2010-11-17,Nets,1610612751,Troy Murphy,21000165
2010-11-17,Rockets,1610612745,Chase Budinger,21000164
2010-11-17,Thunder,1610612760,Cole Aldrich,21000164
2010-11-17,Timberwolves,1610612750,Nikola Pekovic,21000162
2010-11-18,Blazers,1610612757,Brandon Roy,21000170
2010-11-18,Magic,1610612753,Jason Williams,21000169
2010-11-19,Bobcats,1610612766,Eduardo Najera,21000175
2010-11-19,Bucks,1610612749,Carlos Delfino,21000172
2010-11-19,Cavaliers,1610612739,Manny Harris,21000177
2010-11-19,Heat,1610612748,Juwan Howard,21000175
2010-11-19,Knicks,1610612752,Timofey Mozgov,21000181
2010-11-19,Nets,1610612751,Terrence Williams,21000180
2010-11-19,Thunder,1610612760,Kevin Durant,21000171
2010-11-19,Warriors,1610612744,Brandan Wright,21000181
2010-11-20,Blazers,1610612757,Brandon Roy,21000189
2010-11-20,Bobcats,1610612766,Kwame Brown,21000182
2010-11-20,Bucks,1610612749,Carlos Delfino,21000186
2010-11-20,Heat,1610612748,Dwyane Wade,21000185
2010-11-20,Magic,1610612753,Malik Allen,21000183
2010-11-20,Nets,1610612751,Quinton Ross,21000188
2010-11-20,Pacers,1610612754,Dahntay Jones,21000183
2010-11-20,Suns,1610612756,Steve Nash,21000182
2010-11-21,Celtics,1610612738,Rajon Rondo,21000191
2010-11-21,Kings,1610612758,Antoine Wright,21000193
2010-11-21,Wizards,1610612764,Hamady N'Diaye,21000192
2010-11-21,Wizards,1610612764,John Wall ,21000192
2010-11-22,Heat,1610612748,Udonis Haslem,21000196
2010-11-22,Nuggets,1610612743,Chauncey Billups,21000201
2010-11-22,Pacers,1610612754,A.J. Price,21000196
2010-11-22,Pacers,1610612754,Jeff Foster,21000196
2010-11-22,Thunder,1610612760,Daequan Cook,21000197
2010-11-22,Thunder,1610612760,Morris Peterson,21000197
2010-11-22,Warriors,1610612744,Brandan Wright,21000201
2010-11-23,Bobcats,1610612766,DeSagana Diop,21000206
2010-11-23,Pacers,1610612754,Dahntay Jones,21000203
2010-11-24,76ers,1610612755,Darius Songaila,21000211
2010-11-24,Bucks,1610612749,Andrew Bogut,21000210
2010-11-24,Bucks,1610612749,Carlos Delfino,21000210
2010-11-24,Bulls,1610612741,Taj Gibson,21000218
2010-11-24,Celtics,1610612738,Delonte West,21000212
2010-11-24,Hornets,1610612766,Pops Mensah-Bonsu,21000209
2010-11-24,Magic,1610612753,Vince Carter,21000213
2010-11-24,Thunder,1610612760,B.J. Mullens,21000216
2010-11-24,Warriors,1610612744,Brandan Wright,21000217
2010-11-25,Kings,1610612758,Francisco Garcia,21000221
2010-11-25,Wizards,1610612764,Al Thornton,21000220
2010-11-26,Bucks,1610612749,Andrew Bogut,21000225
2010-11-26,Bucks,1610612749,Carlos Delfino,21000225
2010-11-26,Bulls,1610612741,Derrick Rose,21000229
2010-11-26,Celtics,1610612738,Delonte West,21000224
2010-11-26,Grizzlies,1610612763,Acie Law,21000232
2010-11-26,Raptors,1610612761,Reggie Evans,21000224
2010-11-26,Thunder,1610612760,Nenad Krstic,21000227
2010-11-26,Warriors,1610612744,Brandan Wright,21000232
2010-11-26,Mavericks,1610612742,Brendan Haywood,21000228
2010-11-27,76ers,1610612755,Craig Brackins,21000237
2010-11-27,Bucks,1610612749,Andrew Bogut,21000240
2010-11-27,Bucks,1610612749,Carlos Delfino,21000240
2010-11-27,Bucks,1610612749,Corey Maggette,21000240
2010-11-27,Bucks,1610612749,Drew Gooden,21000240
2010-11-27,Bulls,1610612741,John Lucas III,21000241
2010-11-27,Mavericks,1610612742,Alex Ajinca,21000239
2010-11-27,Warriors,1610612744,Brandan Wright,21000238
2010-11-27,Wizards,1610612764,John Wall ,21000235
2010-11-28,Blazers,1610612757,Sean Marks,21000246
2010-11-28,Clippers,1610612746,Randy Foye,21000245
2010-11-28,Knicks,1610612752,Ronny Turiaf,21000243
2010-11-28,Knicks,1610612752,Toney Douglas,21000243
2010-11-28,Lakers,1610612747,Devin Ebanks,21000249
2010-11-28,Nets,1610612751,Joe Smith ,21000246
2010-11-28,Nuggets,1610612743,Renaldo Balkman,21000248
2010-11-28,Pacers,1610612754,Paul George,21000249
2010-11-28,Raptors,1610612761,Peja Stojakovic,21000242
2010-11-28,Raptors,1610612761,Reggie Evans,21000242
2010-11-29,Bucks,1610612749,Andrew Bogut,21000253
2010-11-29,Bucks,1610612749,Corey Maggette,21000253
2010-11-29,Bucks,1610612749,Drew Gooden,21000253
2010-11-29,Thunder,1610612760,B.J. Mullens,21000251
2010-11-29,Wizards,1610612764,John Wall ,21000250
2010-11-30,Celtics,1610612738,Delonte West,21000254
2010-11-30,Grizzlies,1610612763,Darrell Arthur,21000258
2010-11-30,Magic,1610612753,Malik Allen,21000255
2010-12-01,Bucks,1610612749,Andrew Bogut,21000270
2010-12-01,Bulls,1610612741,Brian Scalabrine,21000266
2010-12-01,Clippers,1610612746,Randy Foye,21000272
2010-12-01,Hawks,1610612737,Joe Johnson,21000261
2010-12-01,Magic,1610612753,J.J. Redick,21000266
2010-12-01,Mavericks,1610612742,Dominique Jones,21000268
2010-12-01,Nets,1610612751,Devin Harris,21000262
2010-12-01,Raptors,1610612761,Peja Stojakovic,21000263
2010-12-01,Raptors,1610612761,Reggie Evans,21000263
2010-12-01,Thunder,1610612760,Kevin Durant,21000262
2010-12-01,Wizards,1610612764,Hamady N'Diaye,21000263
2010-12-03,76ers,1610612755,Darius Songaila,21000278
2010-12-03,Blazers,1610612757,Luke Babbitt,21000277
2010-12-03,Bobcats,1610612766,DeSagana Diop,21000275
2010-12-03,Hornets,1610612766,David West,21000275
2010-12-03,Bulls,1610612741,Kurt Thomas,21000280
2010-12-03,Clippers,1610612746,Willie Warren,21000284
2010-12-03,Grizzlies,1610612763,DeMarre Carroll,21000281
2010-12-03,Magic,1610612753,Dwight Howard,21000279
2010-12-03,Magic,1610612753,Jameer Nelson,21000279
2010-12-03,Magic,1610612753,Mickael Pietrus,21000279
2010-12-03,Magic,1610612753,J.J. Redick,21000279
2010-12-03,Nuggets,1610612743,Melvin Ely,21000284
2010-12-03,Pacers,1610612754,Jeff Foster,21000285
2010-12-03,Raptors,1610612761,Peja Stojakovic,21000276
2010-12-03,Wizards,1610612764,Nick Young,21000277
2010-12-04,Bucks,1610612749,Drew Gooden,21000292
2010-12-04,Bulls,1610612741,Brian Scalabrine,21000290
2010-12-04,Cavaliers,1610612739,J.J. Hickson,21000291
2010-12-04,Cavaliers,1610612739,Joey Graham,21000291
2010-12-04,Magic,1610612753,Dwight Howard,21000292
2010-12-04,Magic,1610612753,J.J. Redick,21000292
2010-12-04,Magic,1610612753,Jameer Nelson,21000292
2010-12-04,Magic,1610612753,Ryan Anderson,21000292
2010-12-04,Timberwolves,1610612750,Anthony Tolliver,21000291
2010-12-04,Timberwolves,1610612750,Michael Beasley,21000291
2010-12-05,Cavaliers,1610612739,Manny Harris,21000296
2010-12-05,Cavaliers,1610612739,Samardo Samuels,21000296
2010-12-05,Celtics,1610612738,Rajon Rondo,21000294
2010-12-05,Nets,1610612751,Ben Uzoh,21000294
2010-12-05,Nuggets,1610612743,Chris Andersen,21000299
2010-12-05,Raptors,1610612761,Peja Stojakovic,21000295
2010-12-05,Thunder,1610612760,D.J. White,21000297
2010-12-05,Thunder,1610612760,Morris Peterson,21000297
2010-12-05,Warriors,1610612744,Rodney Carney,21000297
2010-12-05,Wizards,1610612764,Kevin Seraphin,21000300
2010-12-06,Bucks,1610612749,Brian Skinner,21000306
2010-12-06,Bucks,1610612749,Drew Gooden,21000306
2010-12-06,Bulls,1610612741,Kurt Thomas,21000305
2010-12-06,Clippers,1610612746,Chris Kaman,21000308
2010-12-06,Hawks,1610612737,Jordan Crawford,21000303
2010-12-06,Knicks,1610612752,Bill Walker,21000304
2010-12-06,Magic,1610612753,Jameer Nelson,21000303
2010-12-06,Magic,1610612753,Ryan Anderson,21000303
2010-12-07,Mavericks,1610612742,Tyson Chandler,21000312
2010-12-07,Nets,1610612751,Stephen Graham,21000309
2010-12-07,Warriors,1610612744,Rodney Carney,21000312
2010-12-07,Wizards,1610612764,Andray Blatche,21000315
2010-12-08,Bucks,1610612749,Drew Gooden,21000319
2010-12-08,Bulls,1610612741,Brian Scalabrine,21000317
2010-12-08,Cavaliers,1610612739,Jamario Moon,21000317
2010-12-08,Jazz,1610612762,Kyrylo Fesenko,21000324
2010-12-08,Knicks,1610612752,Andy Rautins,21000318
2010-12-08,Nuggets,1610612743,Carmelo Anthony,21000316
2010-12-08,Pacers,1610612754,Dahntay Jones,21000319
2010-12-08,Pistons,1610612765,DaJuan Summers,21000321
2010-12-08,Raptors,1610612761,Peja Stojakovic,21000318
2010-12-08,Timberwolves,1610612750,Darko Milicic,21000320
2010-12-08,Wizards,1610612764,John Wall ,21000325
2010-12-09,76ers,1610612755,Jason Kapono,21000327
2010-12-09,Celtics,1610612738,Shaquille O'Neal,21000327
2010-12-09,Mavericks,1610612742,Alex Ajinca,21000328
2010-12-09,Nets,1610612751,Ben Uzoh,21000328
2010-12-09,Nets,1610612751,Derrick Favors,21000328
2010-12-10,Bobcats,1610612766,Tyrus Thomas,21000330
2010-12-10,Hawks,1610612737,Zaza Pachulia,21000337
2010-12-10,Jazz,1610612762,Raja Bell,21000339
2010-12-10,Raptors,1610612761,Jose Calderon,21000331
2010-12-10,Thunder,1610612760,Nenad Krstic,21000335
2010-12-10,Warriors,1610612744,Stephen Curry,21000340
2010-12-11,Bobcats,1610612766,Sherron Collins,21000343
2010-12-11,Bobcats,1610612766,Tyrus Thomas,21000343
2010-12-11,Bulls,1610612741,Kurt Thomas,21000345
2010-12-11,Cavaliers,1610612739,Ryan Hollins,21000347
2010-12-11,Hawks,1610612737,Zaza Pachulia,21000342
2010-12-11,Jazz,1610612762,Kyrylo Fesenko,21000346
2010-12-11,Jazz,1610612762,Raja Bell,21000346
2010-12-11,Pacers,1610612754,Jeff Foster,21000342
2010-12-11,Raptors,1610612761,Jose Calderon,21000344
2010-12-11,Raptors,1610612761,Peja Stojakovic,21000344
2010-12-12,Magic,1610612753,Chris Duhon,21000354
2010-12-12,Nets,1610612751,Damion James,21000351
2010-12-12,Nets,1610612751,Troy Murphy,21000351
2010-12-12,Thunder,1610612760,Nenad Krstic,21000352
2010-12-13,Bucks,1610612749,Brian Skinner,21000358
2010-12-13,Grizzlies,1610612763,DeMarre Carroll,21000357
2010-12-13,Jazz,1610612762,Raja Bell,21000359
2010-12-13,Mavericks,1610612742,Alex Ajinca,21000358
2010-12-13,Pacers,1610612754,A.J. Price,21000356
2010-12-13,Pacers,1610612754,Danny Granger,21000356
2010-12-14,Bobcats,1610612766,DeSagana Diop,21000360
2010-12-14,Bobcats,1610612766,Eduardo Najera,21000360
2010-12-14,Kings,1610612758,Tyreke Evans,21000364
2010-12-14,Lakers,1610612747,Devin Ebanks,21000362
2010-12-14,Magic,1610612753,Mickael Pietrus,21000365
2010-12-14,Magic,1610612753,Quentin Richardson,21000365
2010-12-14,Nets,1610612751,Terrence Williams,21000361
2010-12-14,Nuggets,1610612743,Chauncey Billups,21000365
2010-12-14,Raptors,1610612761,Peja Stojakovic,21000360
2010-12-14,Timberwolves,1610612750,Kosta Koufos,21000366
2010-12-14,Timberwolves,1610612750,Sundiata Gaines,21000366
2010-12-14,Wizards,1610612764,Andray Blatche,21000362
2010-12-14,Wizards,1610612764,John Wall ,21000362
2010-12-15,Bobcats,1610612766,Gerald Wallace,21000372
2010-12-15,Hornets,1610612766,Aaron Gray,21000372
2010-12-15,Bucks,1610612749,John Salmons,21000375
2010-12-15,Bulls,1610612741,Joakim Noah,21000370
2010-12-15,Bulls,1610612741,Kurt Thomas,21000370
2010-12-15,Celtics,1610612738,Shaquille O'Neal,21000368
2010-12-15,Clippers,1610612746,Willie Warren,21000369
2010-12-15,Raptors,1610612761,Andrea Bargnani,21000370
2010-12-15,Raptors,1610612761,Peja Stojakovic,21000370
2010-12-15,Suns,1610612756,Garret Siler,21000376
2010-12-15,Lakers,1610612747,Joe Smith ,21000367
2010-12-16,Celtics,1610612738,Rajon Rondo,21000379
2010-12-16,Celtics,1610612738,Shaquille O'Neal,21000379
2010-12-16,Hawks,1610612737,Jamal Crawford,21000379
2010-12-16,Nets,1610612751,Anthony Morrow,21000378
2010-12-16,Nets,1610612751,Sasha Vujacic,21000378
2010-12-16,Nuggets,1610612743,Chauncey Billups,21000380
2010-12-16,Spurs,1610612759,Tiago Splitter,21000380
2010-12-16,Wizards,1610612764,John Wallace,21000378
2010-12-16,Wizards,1610612764,Jianlian Yi,21000378
2010-12-17,Blazers,1610612757,Brandon Roy,21000391
2010-12-17,Cavaliers,1610612739,Joey Graham,21000381
2010-12-17,Cavaliers,1610612739,Leon Powe,21000381
2010-12-17,Hawks,1610612737,Jordan Crawford,21000385
2010-12-17,Jazz,1610612762,Jeremy Evans,21000387
2010-12-17,Lakers,1610612747,Devin Ebanks,21000383
2010-12-17,Nets,1610612751,Anthony Morrow,21000384
2010-12-17,Pacers,1610612754,Paul George,21000381
2010-12-17,Pistons,1610612765,Austin Daye,21000386
2010-12-17,Raptors,1610612761,Peja Stojakovic,21000384
2010-12-17,Raptors,1610612761,Sonny Weems,21000384
2010-12-17,Thunder,1610612760,Morris Peterson,21000388
2010-12-17,Timberwolves,1610612750,Lazar Hayward,21000391
2010-12-18,Blazers,1610612757,Brandon Roy,21000399
2010-12-18,Blazers,1610612757,Joel Przybilla,21000399
2010-12-18,Blazers,1610612757,Marcus Camby,21000399
2010-12-18,Blazers,1610612757,Nicolas Batum,21000399
2010-12-18,Bulls,1610612741,Joakim Noah,21000395
2010-12-18,Clippers,1610612746,Brian Cook,21000395
2010-12-18,Jazz,1610612762,Gordon Hayward,21000396
2010-12-18,Nuggets,1610612743,Chauncey Billups,21000398
2010-12-18,Spurs,1610612759,George Hill,21000397
2010-12-18,Timberwolves,1610612750,Darko Milicic,21000398
2010-12-18,Timberwolves,1610612750,Nikola Pekovic,21000398
2010-12-18,Warriors,1610612744,Andris Biedrins,21000399
2010-12-18,Wizards,1610612764,John Wallace,21000393
2010-12-19,Celtics,1610612738,Rajon Rondo,21000400
2010-12-19,Kings,1610612758,Jason Thompson,21000404
2010-12-19,Lakers,1610612747,Derrick Caracter,21000402
2010-12-19,Nets,1610612751,Quinton Ross,21000401
2010-12-19,Pacers,1610612754,Josh McRoberts,21000400
2010-12-19,Pistons,1610612765,Richard Hamilton,21000403
2010-12-19,Pistons,1610612765,Rodney Stuckey,21000403
2010-12-19,Raptors,1610612761,Andrea Bargnani,21000402
2010-12-19,Raptors,1610612761,Sonny Weems,21000402
2010-12-19,Rockets,1610612745,Ish Smith,21000404
2010-12-19,Rockets,1610612745,Jared Jeffries,21000404
2010-12-20,Blazers,1610612757,Brandon Roy,21000412
2010-12-20,Blazers,1610612757,Marcus Camby,21000412
2010-12-20,Bucks,1610612749,Brandon Jennings,21000412
2010-12-20,Bucks,1610612749,Corey Maggette,21000412
2010-12-20,Bucks,1610612749,Carlos Delfino,21000412
2010-12-20,Clippers,1610612746,Craig Smith,21000414
2010-12-20,Heat,1610612748,Jamaal Magloire,21000410
2010-12-20,Hornets,1610612766,Marcus Banks,21000409
2010-12-20,Jazz,1610612762,Mehmet Okur,21000407
2010-12-20,Pacers,1610612754,Dahntay Jones,21000408
2010-12-20,Spurs,1610612759,George Hill,21000411
2010-12-20,Timberwolves,1610612750,Sundiata Gaines,21000414
2010-12-20,Warriors,1610612744,Dan Gadzuric,21000413
2010-12-21,Bobcats,1610612766,DeSagana Diop,21000415
2010-12-21,Bucks,1610612749,Carlos Delfino,21000420
2010-12-21,Bucks,1610612749,Drew Gooden,21000420
2010-12-21,Bulls,1610612741,Taj Gibson,21000417
2010-12-21,Magic,1610612753,Malik Allen,21000416
2010-12-21,Mavericks,1610612742,Steve Novak,21000416
2010-12-21,Nets,1610612751,Quinton Ross,21000418
2010-12-21,Warriors,1610612744,Dan Gadzuric,21000419
2010-12-22,76ers,1610612755,Darius Songaila,21000424
2010-12-22,Bulls,1610612741,John Lucas III,21000423
2010-12-22,Cavaliers,1610612739,Samardo Samuels,21000421
2010-12-22,Celtics,1610612738,Rajon Rondo,21000424
2010-12-22,Clippers,1610612746,Craig Smith,21000429
2010-12-22,Hawks,1610612737,Etan Thomas,21000421
2010-12-22,Nets,1610612751,Quinton Ross,21000427
2010-12-22,Nuggets,1610612743,Melvin Ely,21000428
2010-12-22,Pistons,1610612765,DaJuan Summers,21000422
2010-12-22,Raptors,1610612761,Jerryd Bayless,21000422
2010-12-22,Raptors,1610612761,Sonny Weems,21000422
2010-12-22,Spurs,1610612759,George Hill,21000428
2010-12-22,Timberwolves,1610612750,Sebastian Telfair,21000426
2010-12-22,Wizards,1610612764,Hamady N'Diaye,21000423
2010-12-23,Bucks,1610612749,Carlos Delfino,21000431
2010-12-23,Bucks,1610612749,Drew Gooden,21000431
2010-12-23,Heat,1610612748,Dwyane Wade,21000432
2010-12-23,Magic,1610612753,Daniel Orton,21000430
2010-12-23,Magic,1610612753,Malik Allen,21000430
2010-12-23,Spurs,1610612759,George Hill,21000430
2010-12-23,Suns,1610612756,Vince Carter,21000432
2010-12-25,Blazers,1610612757,Brandon Roy,21000437
2010-12-25,Celtics,1610612738,Rajon Rondo,21000434
2010-12-25,Celtics,1610612738,Semih Erden,21000434
2010-12-25,Heat,1610612748,Jamaal Magloire,21000435
2010-12-25,Lakers,1610612747,Devin Ebanks,21000435
2010-12-25,Magic,1610612753,Jason Williams,21000434
2010-12-25,Nuggets,1610612743,Renaldo Balkman,21000436
2010-12-25,Thunder,1610612760,Cole Aldrich,21000436
2010-12-25,Warriors,1610612744,Charlie Bell,21000437
2010-12-25,Warriors,1610612744,Dan Gadzuric,21000437
2010-12-26,Cavaliers,1610612739,Daniel Gibson,21000439
2010-12-26,Hawks,1610612737,Jordan Crawford,21000442
2010-12-26,Pacers,1610612754,A.J. Price,21000441
2010-12-26,Timberwolves,1610612750,Sundiata Gaines,21000439
2010-12-27,76ers,1610612755,Andre Iguodala,21000454
2010-12-27,Blazers,1610612757,Brandon Roy,21000452
2010-12-27,Bobcats,1610612766,Dominic McGuire,21000445
2010-12-27,Bobcats,1610612766,Sherron Collins,21000445
2010-12-27,Bucks,1610612749,Carlos Delfino,21000448
2010-12-27,Bucks,1610612749,Drew Gooden,21000448
2010-12-27,Jazz,1610612762,Jeremy Evans,21000452
2010-12-27,Kings,1610612758,Luther Head,21000453
2010-12-27,Magic,1610612753,Jason Williams,21000446
2010-12-27,Mavericks,1610612742,Brian Cardinal,21000450
2010-12-27,Raptors,1610612761,Andrea Bargnani,21000447
2010-12-27,Raptors,1610612761,Sonny Weems,21000447
2010-12-27,Timberwolves,1610612750,Lazar Hayward,21000449
2010-12-27,Wizards,1610612764,Hamady N'Diaye,21000451
2010-12-27,Wizards,1610612764,Hilton Armstrong,21000451
2010-12-28,Blazers,1610612757,Brandon Roy,21000461
2010-12-28,Blazers,1610612757,Marcus Camby,21000461
2010-12-28,Bucks,1610612749,Drew Gooden,21000458
2010-12-28,Cavaliers,1610612739,Samardo Samuels,21000455
2010-12-28,Magic,1610612753,Jason Williams,21000455
2010-12-28,Magic,1610612753,Quentin Richardson,21000455
2010-12-28,Mavericks,1610612742,Dirk Nowitzki,21000459
2010-12-28,Nuggets,1610612743,Al Harrington,21000461
2010-12-28,Raptors,1610612761,Jose Calderon,21000459
2010-12-28,Raptors,1610612761,Sonny Weems,21000459
2010-12-29,76ers,1610612755,Andre Iguodala,21000470
2010-12-29,76ers,1610612755,Darius Songaila,21000470
2010-12-29,Bobcats,1610612766,Eduardo Najera,21000463
2010-12-29,Bobcats,1610612766,Kwame Brown,21000463
2010-12-29,Bobcats,1610612766,Tyrus Thomas,21000463
2010-12-29,Hornets,1610612766,Aaron Gray,21000463
2010-12-29,Cavaliers,1610612739,Mo Williams,21000463
2010-12-29,Celtics,1610612738,Semih Erden,21000465
2010-12-29,Jazz,1610612762,Andrei Kirilenko,21000472
2010-12-29,Jazz,1610612762,C.J. Miles,21000472
2010-12-29,Nuggets,1610612743,Kenyon Martin,21000466
2010-12-29,Nuggets,1610612743,Nene Hilario ,21000466
2010-12-29,Pacers,1610612754,Dahntay Jones,21000464
2010-12-29,Pacers,1610612754,Jeff Foster,21000464
2010-12-29,Pistons,1610612765,Rodney Stuckey,21000465
2010-12-29,Suns,1610612756,Gani Lawal,21000470
2010-12-29,Warriors,1610612744,Jeremy Lin,21000462
2010-12-29,Wizards,1610612764,Lester Hudson,21000464
2010-12-30,Jazz,1610612762,C.J. Miles,21000475
2010-12-30,Jazz,1610612762,Mehmet Okur,21000475
2010-12-30,Magic,1610612753,Jason Williams,21000473
2010-12-30,Magic,1610612753,Quentin Richardson,21000473
2010-12-31,Celtics,1610612738,Kevin Garnett,21000476
2010-12-31,Celtics,1610612738,Rajon Rondo,21000476
2010-12-31,Hawks,1610612737,Marvin Williams,21000481
2010-12-31,Nets,1610612751,Jordan Farmar,21000479
2010-12-31,Nets,1610612751,Troy Murphy,21000479
2010-12-31,Raptors,1610612761,Sonny Weems,21000480
2010-12-31,Rockets,1610612745,Chuck Hayes,21000480
2010-12-31,Suns,1610612756,Garret Siler,21000482
2010-12-31,Warriors,1610612744,Brandan Wright,21000477
2010-12-31,Wizards,1610612764,Kevin Seraphin,21000478
2010-12-31,Wizards,1610612764,Kirk Hinrich,21000478
2011-01-01,Bucks,1610612749,Drew Gooden,21000489
2011-01-01,Cavaliers,1610612739,Anderson Varejao,21000485
2011-01-01,Cavaliers,1610612739,Daniel Gibson,21000485
2011-01-01,Cavaliers,1610612739,Mo Williams,21000485
2011-01-01,Grizzlies,1610612763,Rudy Gay,21000491
2011-01-01,Grizzlies,1610612763,Xavier Henry,21000491
2011-01-01,Jazz,1610612762,C.J. Miles,21000491
2011-01-01,Jazz,1610612762,Mehmet Okur,21000491
2011-01-01,Mavericks,1610612742,Shawn Marion,21000489
2011-01-01,Nets,1610612751,Jordan Farmar,21000487
2011-01-01,Nuggets,1610612743,Melvin Ely,21000490
2011-01-01,Timberwolves,1610612750,Jonny Flynn,21000487
2011-01-01,Wizards,1610612764,Josh Howard,21000484
2011-01-02,Blazers,1610612757,Brandon Roy,21000496
2011-01-02,Cavaliers,1610612739,Daniel Gibson,21000495
2011-01-02,Hawks,1610612737,Marvin Williams,21000493
2011-01-02,Knicks,1610612752,Timofey Mozgov,21000492
2011-01-02,Mavericks,1610612742,Caron Butler,21000495
2011-01-02,Pacers,1610612754,A.J. Price,21000492
2011-01-02,Raptors,1610612761,Jerryd Bayless,21000494
2011-01-02,Raptors,1610612761,Sonny Weems,21000494
2011-01-03,76ers,1610612755,Spencer Hawes,21000502
2011-01-03,Bobcats,1610612766,DeSagana Diop,21000499
2011-01-03,Bobcats,1610612766,Gerald Wallace,21000499
2011-01-03,Bobcats,1610612766,Nazr Mohammed,21000499
2011-01-03,Pistons,1610612765,Chris Wilcox,21000504
2011-01-03,Timberwolves,1610612750,Sundiata Gaines,21000501
2011-01-03,Warriors,1610612744,David Lee,21000500
2011-01-04,Blazers,1610612757,Brandon Roy,21000509
2011-01-04,Bucks,1610612749,Drew Gooden,21000505
2011-01-04,Grizzlies,1610612763,O.J. Mayo,21000508
2011-01-04,Grizzlies,1610612763,Xavier Henry,21000508
2011-01-04,Knicks,1610612752,Danilo Gallinari,21000506
2011-01-04,Mavericks,1610612742,Caron Butler,21000509
2011-01-04,Pistons,1610612765,Chris Wilcox,21000511
2011-01-04,Raptors,1610612761,Sonny Weems,21000507
2011-01-05,76ers,1610612755,Tony Battie,21000515
2011-01-05,Bobcats,1610612766,DeSagana Diop,21000517
2011-01-05,Bobcats,1610612766,Stephen Jackson,21000517
2011-01-05,Bucks,1610612749,Brandon Jennings,21000514
2011-01-05,Bucks,1610612749,Drew Gooden,21000514
2011-01-05,Cavaliers,1610612739,Anthony Parker,21000512
2011-01-05,Cavaliers,1610612739,Jamario Moon,21000512
2011-01-05,Jazz,1610612762,Paul Millsap,21000520
2011-01-05,Nuggets,1610612743,Renaldo Balkman,21000522
2011-01-05,Rockets,1610612745,Aaron Brooks,21000519
2011-01-05,Warriors,1610612744,Charlie Bell,21000518
2011-01-05,Wizards,1610612764,Cartier Martin,21000515
2011-01-06,Nuggets,1610612743,Kenyon Martin,21000524
2011-01-07,76ers,1610612755,Tony Battie,21000526
2011-01-07,Bucks,1610612749,Brandon Jennings,21000532
2011-01-07,Bucks,1610612749,Drew Gooden,21000532
2011-01-07,Cavaliers,1610612739,Anderson Varejao,21000534
2011-01-07,Cavaliers,1610612739,Anthony Parker,21000534
2011-01-07,Cavaliers,1610612739,Daniel Gibson,21000534
2011-01-07,Cavaliers,1610612739,Leon Powe,21000534
2011-01-07,Grizzlies,1610612763,Xavier Henry,21000530
2011-01-07,Pacers,1610612754,Solomon Jones,21000525
2011-01-07,Raptors,1610612761,Jerryd Bayless,21000528
2011-01-07,Raptors,1610612761,Solomon Alabi,21000528
2011-01-07,Raptors,1610612761,Sonny Weems,21000528
2011-01-07,Rockets,1610612745,Yao Ming,21000529
2011-01-07,Timberwolves,1610612750,Sebastian Telfair,21000531
2011-01-07,Wizards,1610612764,Josh Howard,21000527
2011-01-08,Bucks,1610612749,Andrew Bogut,21000538
2011-01-08,Bucks,1610612749,Brandon Jennings,21000538
2011-01-08,Bucks,1610612749,Drew Gooden,21000538
2011-01-08,Hawks,1610612737,Etan Thomas,21000536
2011-01-08,Nets,1610612751,Devin Harris,21000538
2011-01-08,Pacers,1610612754,Josh McRoberts,21000536
2011-01-08,Pacers,1610612754,Lance Stephenson,21000536
2011-01-08,Pistons,1610612765,DaJuan Summers,21000539
2011-01-09,Cavaliers,1610612739,Anthony Parker,21000547
2011-01-09,Kings,1610612758,Tyreke Evans,21000544
2011-01-09,Lakers,1610612747,Matt Barnes,21000550
2011-01-09,Nuggets,1610612743,Chris Andersen,21000548
2011-01-09,Nuggets,1610612743,Ty Lawson,21000548
2011-01-09,Raptors,1610612761,Sonny Weems,21000544
2011-01-09,Suns,1610612756,Gani Lawal,21000547
2011-01-09,Timberwolves,1610612750,Kosta Koufos,21000546
2011-01-10,Rockets,1610612745,Brad Miller,21000552
2011-01-10,Rockets,1610612745,Kevin Martin,21000552
2011-01-11,76ers,1610612755,Darius Songaila,21000555
2011-01-11,Cavaliers,1610612739,Anderson Varejao,21000560
2011-01-11,Cavaliers,1610612739,Anthony Parker,21000560
2011-01-11,Knicks,1610612752,Anthony Randolph,21000559
2011-01-11,Lakers,1610612747,Matt Barnes,21000560
2011-01-11,Nuggets,1610612743,Melvin Ely,21000558
2011-01-11,Nuggets,1610612743,Renaldo Balkman,21000558
2011-01-11,Suns,1610612756,Grant Hill,21000558
2011-01-12,Bobcats,1610612766,Derrick Brown,21000561
2011-01-12,Hornets,1610612766,David Andersen,21000561
2011-01-12,Bucks,1610612749,Brandon Jennings,21000566
2011-01-12,Celtics,1610612738,Jermaine O'Neal,21000564
2011-01-12,Grizzlies,1610612763,Tony Allen,21000565
2011-01-12,Jazz,1610612762,Jeremy Evans,21000570
2011-01-12,Nets,1610612751,Anthony Morrow,21000569
2011-01-12,Nets,1610612751,Troy Murphy,21000569
2011-01-12,Pistons,1610612765,Ben Wallace,21000565
2011-01-12,Rockets,1610612745,Brad Miller,21000568
2011-01-12,Warriors,1610612744,Reggie Williams,21000571
2011-01-13,Heat,1610612748,LeBron James,21000575
2011-01-13,Nuggets,1610612743,Chris Andersen,21000575
2011-01-13,Timberwolves,1610612750,Michael Beasley,21000573
2011-01-13,Timberwolves,1610612750,Sebastian Telfair,21000573
2011-01-13,Wizards,1610612764,Andray Blatche,21000573
2011-01-14,76ers,1610612755,Craig Brackins,21000577
2011-01-14,Bobcats,1610612766,Sherron Collins,21000579
2011-01-14,Hornets,1610612766,Marco Belinelli,21000579
2011-01-14,Bucks,1610612749,Brandon Jennings,21000577
2011-01-14,Cavaliers,1610612739,Anderson Varejao,21000583
2011-01-14,Cavaliers,1610612739,Anthony Parker,21000583
2011-01-14,Cavaliers,1610612739,Christian Eyenga,21000583
2011-01-14,Cavaliers,1610612739,Daniel Gibson,21000583
2011-01-14,Cavaliers,1610612739,Joey Graham,21000583
2011-01-14,Celtics,1610612738,Jermaine O'Neal,21000579
2011-01-14,Celtics,1610612738,Kevin Garnett,21000579
2011-01-14,Celtics,1610612738,Avery Bradley,21000579
2011-01-14,Kings,1610612758,Luther Head,21000580
2011-01-14,Knicks,1610612752,Ronny Turiaf,21000580
2011-01-14,Pacers,1610612754,A.J. Price,21000576
2011-01-14,Pacers,1610612754,Solomon Jones,21000576
2011-01-14,Raptors,1610612761,Leandro Barbosa,21000578
2011-01-14,Raptors,1610612761,Sonny Weems,21000578
2011-01-14,Rockets,1610612745,Brad Miller,21000582
2011-01-14,Rockets,1610612745,Ish Smith,21000582
2011-01-14,Spurs,1610612759,Matt Bonner,21000581
2011-01-14,Suns,1610612756,Garret Siler,21000584
2011-01-14,Warriors,1610612744,Brandan Wright,21000585
2011-01-15,Bobcats,1610612766,Derrick Brown,21000588
2011-01-15,Cavaliers,1610612739,Christian Eyenga,21000594
2011-01-15,Cavaliers,1610612739,Daniel Gibson,21000594
2011-01-15,Cavaliers,1610612739,Joey Graham,21000594
2011-01-15,Grizzlies,1610612763,Tony Allen,21000592
2011-01-15,Heat,1610612748,LeBron James,21000591
2011-01-15,Mavericks,1610612742,Tyson Chandler,21000592
2011-01-15,Nets,1610612751,Anthony Morrow,21000595
2011-01-15,Nuggets,1610612743,Kenyon Martin,21000594
2011-01-15,Raptors,1610612761,Jerryd Bayless,21000589
2011-01-15,Raptors,1610612761,Leandro Barbosa,21000589
2011-01-16,Nuggets,1610612743,Renaldo Balkman,21000597
2011-01-16,Spurs,1610612759,Matt Bonner,21000597
2011-01-17,76ers,1610612755,Andres Nocioni,21000601
2011-01-17,Blazers,1610612757,Brandon Roy,21000609
2011-01-17,Bucks,1610612749,Brandon Jennings,21000602
2011-01-17,Bulls,1610612741,Carlos Boozer,21000600
2011-01-17,Celtics,1610612738,Jermaine O'Neal,21000608
2011-01-17,Grizzlies,1610612763,Tony Allen,21000600
2011-01-17,Hawks,1610612737,Jordan Crawford,21000606
2011-01-17,Hornets,1610612766,Didier Mbenga ,21000601
2011-01-17,Jazz,1610612762,Gordon Hayward,21000599
2011-01-17,Kings,1610612758,Francisco Garcia,21000606
2011-01-17,Knicks,1610612752,Ronny Turiaf,21000598
2011-01-17,Nets,1610612751,Anthony Morrow,21000607
2011-01-17,Pacers,1610612754,Lance Stephenson,21000605
2011-01-17,Raptors,1610612761,Jerryd Bayless,21000603
2011-01-17,Raptors,1610612761,Leandro Barbosa,21000603
2011-01-17,Raptors,1610612761,Linas Kleiza,21000603
2011-01-17,Rockets,1610612745,Patrick Patterson,21000602
2011-01-17,Timberwolves,1610612750,Lazar Hayward,21000609
2011-01-18,Bobcats,1610612766,Eduardo Najera,21000612
2011-01-18,Bulls,1610612741,Carlos Boozer,21000612
2011-01-18,Hawks,1610612737,Etan Thomas,21000611
2011-01-18,Heat,1610612748,Chris Bosh,21000611
2011-01-19,Bucks,1610612749,Brandon Jennings,21000617
2011-01-19,Bucks,1610612749,John Salmons,21000617
2011-01-19,Celtics,1610612738,Jermaine O'Neal,21000616
2011-01-19,Grizzlies,1610612763,Tony Allen,21000618
2011-01-19,Jazz,1610612762,Jeremy Evans,21000614
2011-01-19,Knicks,1610612752,Andy Rautins,21000619
2011-01-19,Mavericks,1610612742,Alex Ajinca,21000621
2011-01-19,Pacers,1610612754,Roy Hibbert,21000624
2011-01-19,Raptors,1610612761,Leandro Barbosa,21000620
2011-01-19,Spurs,1610612759,Matt Bonner,21000620
2011-01-19,Timberwolves,1610612750,Nikola Pekovic,21000625
2011-01-20,Bobcats,1610612766,Sherron Collins,21000626
2011-01-20,Bobcats,1610612766,Tyrus Thomas,21000626
2011-01-20,Bulls,1610612741,Carlos Boozer,21000627
2011-01-20,Blazers,1610612757,Marcus Camby,21000628
2011-01-20,Blazers,1610612757,Marcus Camby,21000628
2011-01-21,Bucks,1610612749,Brandon Jennings,21000633
2011-01-21,Bucks,1610612749,John Salmons,21000633
2011-01-21,Cavaliers,1610612739,Mo Williams,21000633
2011-01-21,Celtics,1610612738,Jermaine O'Neal,21000632
2011-01-21,Celtics,1610612738,Shaquille O'Neal,21000632
2011-01-21,Hawks,1610612737,Al Horford,21000631
2011-01-21,Pistons,1610612765,Charlie Villanueva,21000629
2011-01-21,Raptors,1610612761,Joey Dorsey,21000630
2011-01-21,Raptors,1610612761,Leandro Barbosa,21000630
2011-01-21,Spurs,1610612759,George Hill,21000636
2011-01-21,Warriors,1610612744,Lou Amundson,21000638
2011-01-21,Wizards,1610612764,Kirk Hinrich,21000634
2011-01-22,Blazers,1610612757,Marcus Camby,21000650
2011-01-22,Bucks,1610612749,Drew Gooden,21000649
2011-01-22,Bucks,1610612749,John Salmons,21000649
2011-01-22,Cavaliers,1610612739,Anthony Parker,21000645
2011-01-22,Celtics,1610612738,Jermaine O'Neal,21000641
2011-01-22,Celtics,1610612738,Shaquille O'Neal,21000641
2011-01-22,Clippers,1610612746,Willie Warren,21000651
2011-01-22,Heat,1610612748,Dwyane Wade,21000643
2011-01-22,Hornets,1610612766,Trevor Ariza,21000639
2011-01-22,Jazz,1610612762,Francisco Elson,21000644
2011-01-22,Magic,1610612753,Jason Williams,21000648
2011-01-22,Pacers,1610612754,Josh McRoberts,21000650
2011-01-22,Pistons,1610612765,Charlie Villanueva,21000642
2011-01-22,Raptors,1610612761,Joey Dorsey,21000643
2011-01-22,Raptors,1610612761,Leandro Barbosa,21000643
2011-01-22,Raptors,1610612761,Linas Kleiza,21000643
2011-01-22,Spurs,1610612759,George Hill,21000646
2011-01-22,Thunder,1610612760,B.J. Mullens,21000647
2011-01-22,Warriors,1610612744,Acie Law,21000651
2011-01-22,Wizards,1610612764,Kirk Hinrich,21000641
2011-01-24,76ers,1610612755,Darius Songaila,21000655
2011-01-24,Blazers,1610612757,Marcus Camby,21000661
2011-01-24,Bucks,1610612749,John Salmons,21000658
2011-01-24,Cavaliers,1610612739,Anthony Parker,21000653
2011-01-24,Raptors,1610612761,Joey Dorsey,21000656
2011-01-24,Raptors,1610612761,Jose Calderon,21000656
2011-01-24,Raptors,1610612761,Leandro Barbosa,21000656
2011-01-24,Raptors,1610612761,Linas Kleiza,21000656
2011-01-24,Raptors,1610612761,Alex Ajinca,21000656
2011-01-24,Rockets,1610612745,Jared Jeffries,21000659
2011-01-24,Timberwolves,1610612750,Kosta Koufos,21000659
2011-01-24,Warriors,1610612744,Charlie Bell,21000662
2011-01-25,Celtics,1610612738,Jermaine O'Neal,21000664
2011-01-25,Celtics,1610612738,Shaquille O'Neal,21000664
2011-01-25,Clippers,1610612746,Eric Gordon,21000665
2011-01-25,Jazz,1610612762,Kyrylo Fesenko,21000667
2011-01-25,Mavericks,1610612742,Peja Stojakovic,21000665
2011-01-26,Bobcats,1610612766,Derrick Brown,21000675
2011-01-26,Bucks,1610612749,Drew Gooden,21000672
2011-01-26,Bucks,1610612749,John Salmons,21000672
2011-01-26,Clippers,1610612746,Eric Gordon,21000674
2011-01-26,Grizzlies,1610612763,DeMarre Carroll,21000669
2011-01-26,Hawks,1610612737,Jordan Crawford,21000672
2011-01-26,Hawks,1610612737,Josh Powell,21000672
2011-01-26,Nuggets,1610612743,Kenyon Martin,21000671
2011-01-26,Nuggets,1610612743,Nene Hilario ,21000671
2011-01-26,Pistons,1610612765,Richard Hamilton,21000671
2011-01-26,Raptors,1610612761,Linas Kleiza,21000670
2011-01-26,Timberwolves,1610612750,Lazar Hayward,21000673
2011-01-27,Celtics,1610612738,Shaquille O'Neal,21000680
2011-01-28,Bobcats,1610612766,Sherron Collins,21000691
2011-01-28,Bucks,1610612749,John Salmons,21000683
2011-01-28,Grizzlies,1610612763,Hamed Haddadi,21000682
2011-01-28,Heat,1610612748,Dwyane Wade,21000686
2011-01-28,Jazz,1610612762,Deron Williams,21000689
2011-01-28,Jazz,1610612762,Mehmet Okur,21000689
2011-01-28,Knicks,1610612752,Wilson Chandler,21000684
2011-01-28,Nets,1610612751,Jordan Farmar,21000681
2011-01-28,Nuggets,1610612743,Renaldo Balkman,21000685
2011-01-28,Pacers,1610612754,Brandon Rush,21000681
2011-01-28,Pacers,1610612754,Tyler Hansbrough,21000681
2011-01-28,Pistons,1610612765,Rodney Stuckey,21000686
2011-01-28,Thunder,1610612760,Thabo Sefolosha,21000688
2011-01-28,Wizards,1610612764,JaVale McGee,21000688
2011-01-28,Wizards,1610612764,Kirk Hinrich,21000688
2011-01-29,Bucks,1610612749,John Salmons,21000697
2011-01-29,Nets,1610612751,Jordan Farmar,21000697
2011-01-29,Wizards,1610612764,Mustafa Shakur,21000694
2011-01-30,Heat,1610612748,Jamaal Magloire,21000701
2011-01-30,Jazz,1610612762,Deron Williams,21000707
2011-01-30,Jazz,1610612762,Mehmet Okur,21000707
2011-01-30,Knicks,1610612752,Wilson Chandler,21000705
2011-01-30,Magic,1610612753,Gilbert Arenas,21000703
2011-01-30,Nuggets,1610612743,Al Harrington,21000704
2011-01-30,Nuggets,1610612743,Kenyon Martin,21000704
2011-01-30,Pistons,1610612765,Rodney Stuckey,21000705
2011-01-30,Suns,1610612756,Gani Lawal,21000706
2011-01-30,Suns,1610612756,Goran Dragic,21000706
2011-01-31,Bobcats,1610612766,Derrick Brown,21000713
2011-01-31,Bucks,1610612749,John Salmons,21000714
2011-01-31,Cavaliers,1610612739,Daniel Gibson,21000710
2011-01-31,Clippers,1610612746,Eric Gordon,21000714
2011-01-31,Grizzlies,1610612763,DeMarre Carroll,21000711
2011-01-31,Jazz,1610612762,Deron Williams,21000713
2011-01-31,Magic,1610612753,J.J. Redick,21000711
2011-01-31,Nets,1610612751,Jordan Farmar,21000709
2011-01-31,Nuggets,1610612743,Chris Andersen,21000709
2011-01-31,Pacers,1610612754,Solomon Jones,21000708
2011-01-31,Wizards,1610612764,Mustafa Shakur,21000712
2011-02-01,Kings,1610612758,Jason Thompson,21000717
2011-02-01,Lakers,1610612747,Andrew Bynum,21000718
2011-02-01,Rockets,1610612745,Ish Smith,21000718
2011-02-02,Bobcats,1610612766,Dominic McGuire,21000722
2011-02-02,Bucks,1610612749,Andrew Bogut,21000727
2011-02-02,Bucks,1610612749,Keyon Dooling,21000727
2011-02-02,Bucks,1610612749,Larry Sanders ,21000727
2011-02-02,Cavaliers,1610612739,Daniel Gibson,21000720
2011-02-02,Clippers,1610612746,Eric Gordon,21000729
2011-02-02,Hawks,1610612737,Etan Thomas,21000719
2011-02-02,Jazz,1610612762,Andrei Kirilenko,21000728
2011-02-02,Jazz,1610612762,Deron Williams,21000728
2011-02-02,Nets,1610612751,Jordan Farmar,21000721
2011-02-02,Nuggets,1610612743,Melvin Ely,21000726
2011-02-02,Nuggets,1610612743,Renaldo Balkman,21000726
2011-02-02,Pistons,1610612765,Jason Maxiell,21000722
2011-02-02,Pistons,1610612765,Rodney Stuckey,21000722
2011-02-02,Rockets,1610612745,Jordan Hill,21000728
2011-02-02,Thunder,1610612760,B.J. Mullens,21000725
2011-02-03,Bucks,1610612749,Chris Douglas-Roberts,21000731
2011-02-03,Magic,1610612753,Brandon Bass,21000730
2011-02-03,Warriors,1610612744,Acie Law,21000731
2011-02-04,Bobcats,1610612766,Eduardo Najera,21000733
2011-02-04,Celtics,1610612738,Shaquille O'Neal,21000740
2011-02-04,Clippers,1610612746,Eric Gordon,21000738
2011-02-04,Jazz,1610612762,Andrei Kirilenko,21000744
2011-02-04,Kings,1610612758,Hassan Whiteside,21000743
2011-02-04,Kings,1610612758,Jason Thompson,21000743
2011-02-04,Knicks,1610612752,Andy Rautins,21000735
2011-02-04,Magic,1610612753,Brandon Bass,21000737
2011-02-04,Pistons,1610612765,Jason Maxiell,21000739
2011-02-04,Raptors,1610612761,Jerryd Bayless,21000736
2011-02-04,Thunder,1610612760,Cole Aldrich,21000742
2011-02-04,Timberwolves,1610612750,Michael Beasley,21000736
2011-02-05,Blazers,1610612757,Dante Cunningham,21000747
2011-02-05,Bobcats,1610612766,Dominic McGuire,21000745
2011-02-05,Hornets,1610612766,Jason Smith,21000745
2011-02-05,Hornets,1610612766,Trevor Ariza,21000745
2011-02-05,Bucks,1610612749,Jon Brockman,21000750
2011-02-05,Hawks,1610612737,Al Horford,21000746
2011-02-05,Jazz,1610612762,Andrei Kirilenko,21000752
2011-02-05,Nuggets,1610612743,Ty Lawson,21000751
2011-02-05,Pistons,1610612765,Jason Maxiell,21000750
2011-02-05,Rockets,1610612745,Jordan Hill,21000749
2011-02-05,Timberwolves,1610612750,Martell Webster,21000751
2011-02-05,Warriors,1610612744,Lou Amundson,21000753
2011-02-06,76ers,1610612755,Jason Kapono,21000756
2011-02-06,Celtics,1610612738,Marquis Daniels,21000757
2011-02-06,Celtics,1610612738,Shaquille O'Neal,21000757
2011-02-06,Clippers,1610612746,Eric Gordon,21000754
2011-02-06,Heat,1610612748,Jamaal Magloire,21000754
2011-02-06,Knicks,1610612752,Ronny Turiaf,21000756
2011-02-06,Magic,1610612753,Brandon Bass,21000757
2011-02-07,Bobcats,1610612766,Matt Carroll,21000758
2011-02-07,Hornets,1610612766,Trevor Ariza,21000758
2011-02-07,Celtics,1610612738,Marquis Daniels,21000758
2011-02-07,Celtics,1610612738,Semih Erden,21000758
2011-02-07,Celtics,1610612738,Shaquille O'Neal,21000758
2011-02-07,Jazz,1610612762,Francisco Elson,21000764
2011-02-07,Nuggets,1610612743,Nene Hilario ,21000762
2011-02-07,Nuggets,1610612743,Renaldo Balkman,21000762
2011-02-08,Bucks,1610612749,Larry Sanders ,21000770
2011-02-08,Clippers,1610612746,Eric Gordon,21000767
2011-02-08,Grizzlies,1610612763,Rudy Gay,21000771
2011-02-08,Magic,1610612753,Brandon Bass,21000767
2011-02-08,Pacers,1610612754,T.J. Ford,21000769
2011-02-08,Pistons,1610612765,Chris Wilcox,21000768
2011-02-08,Pistons,1610612765,DaJuan Summers,21000768
2011-02-08,Pistons,1610612765,Richard Hamilton,21000768
2011-02-08,Raptors,1610612761,Alex Ajinca,21000770
2011-02-08,Raptors,1610612761,Jerryd Bayless,21000770
2011-02-08,Rockets,1610612745,Terrence Williams,21000772
2011-02-08,Spurs,1610612759,James Anderson,21000768
2011-02-08,Timberwolves,1610612750,Darko Milicic,21000772
2011-02-08,Timberwolves,1610612750,Michael Beasley,21000772
2011-02-09,Clippers,1610612746,Eric Gordon,21000779
2011-02-09,Jazz,1610612762,Francisco Elson,21000780
2011-02-09,Magic,1610612753,Brandon Bass,21000776
2011-02-09,Nets,1610612751,Orien Greene,21000775
2011-02-09,Nuggets,1610612743,Chauncey Billups,21000782
2011-02-09,Pacers,1610612754,Solomon Jones,21000774
2011-02-09,Pistons,1610612765,Richard Hamilton,21000773
2011-02-09,Raptors,1610612761,Solomon Alabi,21000777
2011-02-09,Wizards,1610612764,Al Thornton,21000778
2011-02-09,Wizards,1610612764,Jianlian Yi,21000778
2011-02-10,Celtics,1610612738,Semih Erden,21000783
2011-02-10,Celtics,1610612738,Shaquille O'Neal,21000783
2011-02-10,Nuggets,1610612743,Melvin Ely,21000785
2011-02-10,Nuggets,1610612743,Renaldo Balkman,21000785
2011-02-11,76ers,1610612755,Tony Battie,21000789
2011-02-11,Bobcats,1610612766,Sherron Collins,21000786
2011-02-11,Hornets,1610612766,Quincy Pondexter,21000786
2011-02-11,Bucks,1610612749,Chris Douglas-Roberts,21000794
2011-02-11,Bucks,1610612749,Larry Sanders ,21000794
2011-02-11,Cavaliers,1610612739,Alonzo Gee,21000791
2011-02-11,Clippers,1610612746,Eric Gordon,21000791
2011-02-11,Grizzlies,1610612763,Zach Randolph,21000794
2011-02-11,Jazz,1610612762,Raja Bell,21000795
2011-02-11,Jazz,1610612762,Ronnie Price,21000795
2011-02-11,Magic,1610612753,Brandon Bass,21000788
2011-02-11,Pistons,1610612765,Richard Hamilton,21000792
2011-02-11,Raptors,1610612761,Alex Ajinca,21000790
2011-02-11,Raptors,1610612761,Amir Johnson,21000790
2011-02-11,Spurs,1610612759,Tiago Splitter,21000789
2011-02-11,Timberwolves,1610612750,Darko Milicic,21000787
2011-02-11,Timberwolves,1610612750,Michael Beasley,21000787
2011-02-12,Bobcats,1610612766,Derrick Brown,21000796
2011-02-12,Hawks,1610612737,Jordan Crawford,21000796
2011-02-12,Knicks,1610612752,Amar'e Stoudemire,21000797
2011-02-12,Pacers,1610612754,T.J. Ford,21000802
2011-02-12,Rockets,1610612745,Jared Jeffries,21000801
2011-02-12,Spurs,1610612759,Tiago Splitter,21000798
2011-02-12,Timberwolves,1610612750,Darko Milicic,21000799
2011-02-12,Timberwolves,1610612750,Michael Beasley,21000799
2011-02-12,Wizards,1610612764,Al Thornton,21000798
2011-02-12,Wizards,1610612764,Rashard Lewis,21000798
2011-02-13,Cavaliers,1610612739,Joey Graham,21000806
2011-02-13,Celtics,1610612738,Semih Erden,21000804
2011-02-13,Celtics,1610612738,Shaquille O'Neal,21000804
2011-02-13,Clippers,1610612746,Eric Gordon,21000808
2011-02-13,Grizzlies,1610612763,Hamed Haddadi,21000809
2011-02-13,Kings,1610612758,Luther Head,21000810
2011-02-13,Pistons,1610612765,Richard Hamilton,21000807
2011-02-13,Raptors,1610612761,Solomon Alabi,21000808
2011-02-13,Warriors,1610612744,Dan Gadzuric,21000811
2011-02-13,Wizards,1610612764,Hamady N'Diaye,21000806
2011-02-14,Bobcats,1610612766,Dominic McGuire,21000812
2011-02-14,Bucks,1610612749,Corey Maggette,21000815
2011-02-14,Clippers,1610612746,Eric Gordon,21000815
2011-02-14,Timberwolves,1610612750,Lazar Hayward,21000816
2011-02-15,Bobcats,1610612766,Eduardo Najera,21000819
2011-02-15,Bobcats,1610612766,Matt Carroll,21000819
2011-02-15,Grizzlies,1610612763,DeMarre Carroll,21000820
2011-02-15,Heat,1610612748,Dexter Pittman,21000818
2011-02-15,Jazz,1610612762,Andrei Kirilenko,21000822
2011-02-15,Jazz,1610612762,Raja Bell,21000822
2011-02-15,Jazz,1610612762,Ronnie Price,21000822
2011-02-15,Kings,1610612758,Tyreke Evans,21000821
2011-02-15,Suns,1610612756,Garret Siler,21000822
2011-02-16,Bucks,1610612749,Ersan Ilyasova,21000833
2011-02-16,Bucks,1610612749,Keyon Dooling,21000833
2011-02-16,Cavaliers,1610612739,Manny Harris,21000827
2011-02-16,Celtics,1610612738,Shaquille O'Neal,21000826
2011-02-16,Clippers,1610612746,Eric Gordon,21000830
2011-02-16,Clippers,1610612746,Willie Warren,21000830
2011-02-16,Heat,1610612748,Mike Miller,21000825
2011-02-16,Jazz,1610612762,Andrei Kirilenko,21000834
2011-02-16,Jazz,1610612762,Raja Bell,21000834
2011-02-16,Jazz,1610612762,Ronnie Price,21000834
2011-02-16,Kings,1610612758,Tyreke Evans,21000831
2011-02-16,Knicks,1610612752,Andy Rautins,21000829
2011-02-16,Mavericks,1610612742,Dominique Jones,21000831
2011-02-16,Pacers,1610612754,Jeff Foster,21000828
2011-02-16,Rockets,1610612745,Courtney Lee,21000832
2011-02-16,Timberwolves,1610612750,Jonny Flynn,21000830
2011-02-16,Wizards,1610612764,Nick Young,21000824
2011-02-17,Mavericks,1610612742,Jose Barea ,21000837
2011-02-17,Spurs,1610612759,Tiago Splitter,21000836
2011-02-23,76ers,1610612755,Jason Kapono,21000850
2011-02-23,Blazers,1610612757,Sean Marks,21000858
2011-02-23,Cavaliers,1610612739,Mo Williams,21000847
2011-02-23,Clippers,1610612746,Baron Davis,21000854
2011-02-23,Grizzlies,1610612763,Xavier Henry,21000853
2011-02-23,Jazz,1610612762,Ronnie Price,21000856
2011-02-23,Kings,1610612758,Tyreke Evans,21000849
2011-02-23,Knicks,1610612752,Renaldo Balkman,21000852
2011-02-23,Pacers,1610612754,Mike Dunleavy Jr.,21000848
2011-02-23,Raptors,1610612761,Joey Dorsey,21000851
2011-02-23,Spurs,1610612759,Tiago Splitter,21000855
2011-02-23,Suns,1610612756,Zabian Dowdell,21000857
2011-02-23,Timberwolves,1610612750,Eddy Curry,21000853
2011-02-25,Blazers,1610612757,Gerald Wallace,21000872
2011-02-25,Bobcats,1610612766,D.J. White,21000861
2011-02-25,Bobcats,1610612766,Dante Cunningham,21000861
2011-02-25,Bobcats,1610612766,Joel Przybilla,21000861
2011-02-25,Bobcats,1610612766,Morris Peterson,21000861
2011-02-25,Bobcats,1610612766,Sean Marks,21000861
2011-02-25,Bobcats,1610612766,DeSagana Diop,21000861
2011-02-25,Bobcats,1610612766,Tyrus Thomas,21000861
2011-02-25,Cavaliers,1610612739,Baron Davis,21000865
2011-02-25,Cavaliers,1610612739,Luke Harangody,21000865
2011-02-25,Cavaliers,1610612739,Semih Erden,21000865
2011-02-25,Clippers,1610612746,Jamario Moon,21000871
2011-02-25,Clippers,1610612746,Mo Williams,21000871
2011-02-25,Jazz,1610612762,Ronnie Price,21000862
2011-02-25,Kings,1610612758,Marquis Daniels,21000861
2011-02-25,Kings,1610612758,Tyreke Evans,21000861
2011-02-25,Kings,1610612758,Francisco Garcia,21000861
2011-02-25,Knicks,1610612752,Corey Brewer,21000865
2011-02-25,Nets,1610612751,Brandan Wright,21000869
2011-02-25,Nets,1610612751,Stephen Graham,21000869
2011-02-25,Nuggets,1610612743,Kenyon Martin,21000872
2011-02-25,Nuggets,1610612743,Melvin Ely,21000872
2011-02-25,Spurs,1610612759,Gary Neal,21000869
2011-02-25,Suns,1610612756,Aaron Brooks,21000864
2011-02-25,Thunder,1610612760,Kendrick Perkins,21000867
2011-02-25,Thunder,1610612760,Nate Robinson,21000867
2011-02-25,Thunder,1610612760,Nazr Mohammed,21000867
2011-02-25,Timberwolves,1610612750,Martell Webster,21000868
2011-02-25,Warriors,1610612744,Troy Murphy,21000870
2011-02-25,Warriors,1610612744,Jeff Adrien,21000870
2011-02-25,Wizards,1610612764,Al Thornton,21000866
2011-02-25,Wizards,1610612764,Andray Blatche,21000866
2011-02-26,Bucks,1610612749,Ersan Ilyasova,21000877
2011-02-26,Grizzlies,1610612763,Ish Smith,21000875
2011-02-26,Jazz,1610612762,Jeremy Evans,21000874
2011-02-26,Kings,1610612758,Francisco Garcia,21000875
2011-02-26,Nets,1610612751,Quinton Ross,21000876
2011-02-26,Pistons,1610612765,Tayshaun Prince,21000874
2011-02-26,Pistons,1610612765,Tracy McGrady,21000874
2011-02-26,Rockets,1610612745,DeMarre Carroll,21000876
2011-02-27,Bobcats,1610612766,DeSagana Diop,21000883
2011-02-27,Bobcats,1610612766,Tyrus Thomas,21000883
2011-02-27,Hornets,1610612766,Didier Mbenga ,21000883
2011-02-27,Cavaliers,1610612739,Anderson Varejao,21000881
2011-02-27,Cavaliers,1610612739,Antawn Jamison,21000881
2011-02-27,Heat,1610612748,Jamaal Magloire,21000887
2011-02-27,Raptors,1610612761,Andrea Bargnani,21000884
2011-02-27,Rockets,1610612745,Goran Dragic,21000885
2011-02-27,Spurs,1610612759,Gary Neal,21000886
2011-02-27,Suns,1610612756,Garret Siler,21000879
2011-02-27,Thunder,1610612760,B.J. Mullens,21000880
2011-02-27,Timberwolves,1610612750,Martell Webster,21000882
2011-02-27,Warriors,1610612744,Charlie Bell,21000882
2011-02-28,Celtics,1610612738,Delonte West,21000892
2011-02-28,Clippers,1610612746,Willie Warren,21000893
2011-02-28,Hawks,1610612737,Kirk Hinrich,21000891
2011-02-28,Kings,1610612758,Francisco Garcia,21000893
2011-02-28,Nets,1610612751,Dan Gadzuric,21000889
2011-02-28,Nets,1610612751,Jordan Farmar,21000889
2011-02-28,Nets,1610612751,Quinton Ross,21000889
2011-02-28,Nuggets,1610612743,Danilo Gallinari,21000891
2011-02-28,Wizards,1610612764,Cartier Martin,21000890
2011-03-01,Blazers,1610612757,Rudy Fernandez,21000901
2011-03-01,Bucks,1610612749,Andrew Bogut,21000899
2011-03-01,Bucks,1610612749,Ersan Ilyasova,21000899
2011-03-01,Bucks,1610612749,Luc Mbah a Moute,21000899
2011-03-01,Magic,1610612753,Gilbert Arenas,21000895
2011-03-01,Pistons,1610612765,Tayshaun Prince,21000899
2011-03-01,Rockets,1610612745,DeMarre Carroll,21000901
2011-03-01,Spurs,1610612759, Tony Parker,21000898
2011-03-01,Knicks,1610612752,Derrick Brown,21000895
2011-03-02,Cavaliers,1610612739,Daniel Gibson,21000903
2011-03-02,Cavaliers,1610612739,Semih Erden,21000903
2011-03-02,Hawks,1610612737,Josh Smith,21000902
2011-03-02,Knicks,1610612752,Chauncey Billups,21000907
2011-03-03,Jazz,1610612762,Derrick Favors,21000913
2011-03-03,Jazz,1610612762,Ronnie Price,21000913
2011-03-04,Bobcats,1610612766,Tyrus Thomas,21000924
2011-03-04,Hornets,1610612766,Trevor Ariza,21000924
2011-03-04,Bucks,1610612749,Andrew Bogut,21000922
2011-03-04,Bucks,1610612749,Ersan Ilyasova,21000922
2011-03-04,Bucks,1610612749,Luc Mbah a Moute,21000922
2011-03-04,Bulls,1610612741,Rasual Butler,21000915
2011-03-04,Cavaliers,1610612739,Antawn Jamison,21000919
2011-03-04,Cavaliers,1610612739,Daniel Gibson,21000919
2011-03-04,Cavaliers,1610612739,Semih Erden,21000919
2011-03-04,Celtics,1610612738,Delonte West,21000918
2011-03-04,Celtics,1610612738,Glen Davis,21000918
2011-03-04,Knicks,1610612752,Ronny Turiaf,21000919
2011-03-04,Lakers,1610612747,Devin Ebanks,21000924
2011-03-04,Mavericks,1610612742,Tyson Chandler,21000921
2011-03-04,Nets,1610612751,Ben Uzoh,21000914
2011-03-04,Nets,1610612751,Brandan Wright,21000914
2011-03-04,Raptors,1610612761,Solomon Alabi,21000914
2011-03-04,Spurs,1610612759,Chris Quinn,21000923
2011-03-04,Spurs,1610612759,James Anderson,21000923
2011-03-04,Suns,1610612756,Vince Carter,21000922
2011-03-04,Thunder,1610612760,Nate Robinson,21000917
2011-03-04,Timberwolves,1610612750,Sebastian Telfair,21000916
2011-03-04,Timberwolves,1610612750,Wes Johnson,21000916
2011-03-04,Warriors,1610612744,Jeremy Lin,21000918
2011-03-05,Bobcats,1610612766,Stephen Jackson,21000929
2011-03-05,Clippers,1610612746,Brian Cook,21000930
2011-03-05,Kings,1610612758,Hassan Whiteside,21000928
2011-03-05,Kings,1610612758,Omri Casspi,21000928
2011-03-05,Nets,1610612751,Anthony Morrow,21000925
2011-03-05,Timberwolves,1610612750,Wes Johnson,21000926
2011-03-05,Wizards,1610612764,Josh Howard,21000926
2011-03-05,Wizards,1610612764,Nick Young,21000926
2011-03-06,76ers,1610612755,Darius Songaila,21000935
2011-03-06,Bucks,1610612749,Ersan Ilyasova,21000939
2011-03-06,Celtics,1610612738,Glen Davis,21000939
2011-03-06,Celtics,1610612738,Von Wafer,21000939
2011-03-06,Grizzlies,1610612763,Greivis Vasquez,21000938
2011-03-06,Hawks,1610612737,Etan Thomas,21000933
2011-03-06,Knicks,1610612752,Bill Walker,21000933
2011-03-06,Spurs,1610612759,Othyus Jeffers,21000932
2011-03-06,Suns,1610612756,Garret Siler,21000937
2011-03-06,Wizards,1610612764,Hamady N'Diaye,21000934
2011-03-06,Wizards,1610612764,Rashard Lewis,21000934
2011-03-07,Blazers,1610612757,Luke Babbitt,21000941
2011-03-07,Bobcats,1610612766,Stephen Jackson,21000940
2011-03-07,Hornets,1610612766,Chris Paul,21000940
2011-03-07,Hornets,1610612766,Trevor Ariza,21000940
2011-03-07,Clippers,1610612746,Eric Gordon,21000940
2011-03-07,Jazz,1610612762,Francisco Elson,21000942
2011-03-07,Jazz,1610612762,Kyrylo Fesenko,21000942
2011-03-07,Magic,1610612753,Chris Duhon,21000941
2011-03-07,Timberwolves,1610612750,Sebastian Telfair,21000945
2011-03-08,Bucks,1610612749,Corey Maggette,21000950
2011-03-08,Bucks,1610612749,Ersan Ilyasova,21000950
2011-03-08,Cavaliers,1610612739,Luke Harangody,21000948
2011-03-08,Cavaliers,1610612739,Semih Erden,21000948
2011-03-08,Pacers,1610612754,Jeff Foster,21000949
2011-03-08,Rockets,1610612745,Luis Scola,21000952
2011-03-08,Suns,1610612756,Channing Frye,21000952
2011-03-08,Wizards,1610612764,Cartier Martin,21000950
2011-03-08,Wizards,1610612764,Rashard Lewis,21000950
2011-03-09,Bobcats,1610612766,Joel Przybilla,21000953
2011-03-09,Bobcats,1610612766,Matt Carroll,21000953
2011-03-09,Hornets,1610612766,Chris Paul,21000953
2011-03-09,Bucks,1610612749,Ersan Ilyasova,21000959
2011-03-09,Celtics,1610612738,Glen Davis,21000957
2011-03-09,Celtics,1610612738,Von Wafer,21000957
2011-03-09,Grizzlies,1610612763,Jason Williams,21000958
2011-03-09,Jazz,1610612762,Andrei Kirilenko,21000956
2011-03-09,Jazz,1610612762,Francisco Elson,21000956
2011-03-09,Jazz,1610612762,Paul Millsap,21000956
2011-03-09,Kings,1610612758,Beno Udrih,21000963
2011-03-09,Knicks,1610612752,Andy Rautins,21000958
2011-03-09,Knicks,1610612752,Renaldo Balkman,21000958
2011-03-09,Mavericks,1610612742,Peja Stojakovic,21000961
2011-03-09,Nets,1610612751,Damion James,21000954
2011-03-09,Raptors,1610612761,Alex Ajinca,21000956
2011-03-09,Raptors,1610612761,Andrea Bargnani,21000956
2011-03-09,Timberwolves,1610612750,Lazar Hayward,21000960
2011-03-10,Nuggets,1610612743,Arron Afflalo,21000966
2011-03-11,Bobcats,1610612766,Eduardo Najera,21000967
2011-03-11,Bobcats,1610612766,Joel Przybilla,21000967
2011-03-11,Bulls,1610612741,Carlos Boozer,21000971
2011-03-11,Celtics,1610612738,Glen Davis,21000969
2011-03-11,Celtics,1610612738,Von Wafer,21000969
2011-03-11,Jazz,1610612762,Paul Millsap,21000972
2011-03-11,Kings,1610612758,Beno Udrih,21000974
2011-03-11,Magic,1610612753,J.J. Redick,21000975
2011-03-11,Pacers,1610612754,Solomon Jones,21000970
2011-03-11,Pistons,1610612765,DaJuan Summers,21000973
2011-03-11,Raptors,1610612761,Alex Ajinca,21000970
2011-03-11,Raptors,1610612761,Amir Johnson,21000970
2011-03-11,Timberwolves,1610612750,Sebastian Telfair,21000972
2011-03-12,Bucks,1610612749,Ersan Ilyasova,21000980
2011-03-12,Hawks,1610612737,Al Horford,21000977
2011-03-12,Hawks,1610612737,Josh Powell,21000977
2011-03-12,Heat,1610612748,Zydrunas Ilgauskas,21000976
2011-03-12,Jazz,1610612762,Paul Millsap,21000979
2011-03-12,Kings,1610612758,Beno Udrih,21000981
2011-03-12,Spurs,1610612759,Othyus Jeffers,21000983
2011-03-12,Wizards,1610612764,Andray Blatche,21000978
2011-03-12,Wizards,1610612764,Cartier Martin,21000978
2011-03-13,Bobcats,1610612766,Garrett Temple,21000986
2011-03-13,Bucks,1610612749,Ersan Ilyasova,21000988
2011-03-13,Celtics,1610612738,Von Wafer,21000988
2011-03-13,Knicks,1610612752,Anthony Carter,21000989
2011-03-13,Knicks,1610612752,Shelden Williams,21000989
2011-03-13,Pacers,1610612754,Danny Granger,21000989
2011-03-13,Suns,1610612756,Steve Nash,21000987
2011-03-14,76ers,1610612755,Craig Brackins,21000997
2011-03-14,Celtics,1610612738,Von Wafer,21000991
2011-03-14,Jazz,1610612762,Gordon Hayward,21000997
2011-03-14,Jazz,1610612762,Paul Millsap,21000997
2011-03-14,Rockets,1610612745,Terrence Williams,21000996
2011-03-14,Suns,1610612756,Steve Nash,21000996
2011-03-14,Thunder,1610612760,B.J. Mullens,21000992
2011-03-14,Wizards,1610612764,Cartier Martin,21000992
2011-03-14,Nets,1610612751,Ben Uzoh,21000991
2011-03-15,Bulls,1610612741,Joakim Noah,21001001
2011-03-15,Hawks,1610612737,Etan Thomas,21000554
2011-03-15,Hawks,1610612737,Pape Sy,21000554
2011-03-15,Knicks,1610612752,Derrick Brown,21001000
2011-03-15,Mavericks,1610612742,Brendan Haywood,21001002
2011-03-15,Pacers,1610612754,Solomon Jones,21001000
2011-03-15,Wizards,1610612764,Cartier Martin,21001001
2011-03-15,Wizards,1610612764,Josh Howard,21001001
2011-03-15,Wizards,1610612764,Nick Young,21001001
2011-03-16,Bobcats,1610612766,Eduardo Najera,21001009
2011-03-16,Bucks,1610612749,Andrew Bogut,21001007
2011-03-16,Celtics,1610612738,Von Wafer,21001004
2011-03-16,Jazz,1610612762,Paul Millsap,21001010
2011-03-16,Magic,1610612753,J.J. Redick,21001007
2011-03-16,Mavericks,1610612742,Brendan Haywood,21001012
2011-03-16,Nuggets,1610612743,Melvin Ely,21001003
2011-03-16,Rockets,1610612745,Terrence Williams,21001009
2011-03-17,Nets,1610612751,Dan Gadzuric,21001014
2011-03-18,Bucks,1610612749,Chris Douglas-Roberts,21001025
2011-03-18,Kings,1610612758,Luther Head,21001027
2011-03-18,Magic,1610612753,Gilbert Arenas,21001018
2011-03-18,Magic,1610612753,J.J. Redick,21001018
2011-03-18,Nuggets,1610612743,Al Harrington,21001018
2011-03-18,Raptors,1610612761,Julian Wright,21001019
2011-03-18,Spurs,1610612759,Danny Green,21001023
2011-03-18,Suns,1610612756,Garret Siler,21001026
2011-03-18,Warriors,1610612744,Andris Biedrins,21001026
2011-03-18,Wizards,1610612764,Andray Blatche,21001019
2011-03-18,Wizards,1610612764,Cartier Martin,21001019
2011-03-18,Wizards,1610612764,Josh Howard,21001019
2011-03-18,Wizards,1610612764,Nick Young,21001019
2011-03-19,76ers,1610612755,Andre Iguodala,21001034
2011-03-19,Blazers,1610612757,Armon Johnson,21001034
2011-03-19,Bobcats,1610612766,Garrett Temple,21001033
2011-03-19,Bobcats,1610612766,Stephen Jackson,21001033
2011-03-19,Cavaliers,1610612739,Baron Davis,21001029
2011-03-19,Clippers,1610612746,Brian Cook,21001029
2011-03-19,Nuggets,1610612743,Al Harrington,21001030
2011-03-19,Nuggets,1610612743,Raymond Felton,21001030
2011-03-19,Spurs,1610612759,Tim Duncan,21001033
2011-03-20,Clippers,1610612746,DeAndre Jordan,21001039
2011-03-20,Mavericks,1610612742,Shawn Marion,21001042
2011-03-20,Nets,1610612751,Deron Williams,21001035
2011-03-20,Pistons,1610612765,DaJuan Summers,21001036
2011-03-20,Raptors,1610612761,Joey Dorsey,21001041
2011-03-20,Wizards,1610612764,Andray Blatche,21001035
2011-03-20,Wizards,1610612764,Nick Young,21001035
2011-03-20,Rockets,1610612745,Hasheem Thabeet,21001040
2011-03-21,Bulls,1610612741,Brian Scalabrine,21001047
2011-03-21,Bulls,1610612741,Jannero Pargo,21001047
2011-03-21,Bulls,1610612741,John Lucas III,21001047
2011-03-21,Cavaliers,1610612739,Baron Davis,21001044
2011-03-21,Magic,1610612753,J.J. Redick,21001044
2011-03-21,Nets,1610612751,Damion James,21001045
2011-03-21,Nuggets,1610612743,Arron Afflalo,21001050
2011-03-21,Spurs,1610612759,DeJuan Blair,21001049
2011-03-21,Spurs,1610612759,Tim Duncan,21001049
2011-03-22,Blazers,1610612757,Marcus Camby,21001052
2011-03-22,Wizards,1610612764,Nick Young,21001052
2011-03-23,Bobcats,1610612766,Garrett Temple,21001054
2011-03-23,Cavaliers,1610612739,Baron Davis,21001055
2011-03-23,Heat,1610612748,Mario Chalmers,21001058
2011-03-23,Jazz,1610612762,Andrei Kirilenko,21001061
2011-03-23,Jazz,1610612762,Derrick Favors,21001061
2011-03-23,Jazz,1610612762,Devin Harris,21001061
2011-03-23,Magic,1610612753,J.J. Redick,21001059
2011-03-23,Nets,1610612751,Damion James,21001055
2011-03-23,Nuggets,1610612743,Melvin Ely,21001064
2011-03-23,Pistons,1610612765,Ben Wallace,21001058
2011-03-23,Pistons,1610612765,Ben Wallace,21001058
2011-03-23,Rockets,1610612745,Chase Budinger,21001062
2011-03-23,Rockets,1610612745,Chase Budinger,21001062
2011-03-23,Wizards,1610612764,Nick Young,21001065
2011-03-24,Jazz,1610612762,Andrei Kirilenko,21001067
2011-03-24,Mavericks,1610612742,Corey Brewer,21001066
2011-03-24,Timberwolves,1610612750,Kevin Love,21001066
2011-03-25,Bobcats,1610612766,Stephen Jackson,21001070
2011-03-25,Bobcats,1610612766,Tyrus Thomas,21001070
2011-03-25,Hornets,1610612766,David West,21001070
2011-03-25,Celtics,1610612738,Troy Murphy,21001070
2011-03-25,Clippers,1610612746,Brian Cook,21001080
2011-03-25,Grizzlies,1610612763,Rudy Gay,21001074
2011-03-25,Heat,1610612748,Mario Chalmers,21001072
2011-03-25,Knicks,1610612752,Bill Walker,21001073
2011-03-25,Magic,1610612753,J.J. Redick,21001069
2011-03-25,Magic,1610612753,Quentin Richardson,21001069
2011-03-25,Nets,1610612751,Damion James,21001069
2011-03-25,Nets,1610612751,Sundiata Gaines,21001069
2011-03-25,Nuggets,1610612743,Wilson Chandler,21001076
2011-03-25,Raptors,1610612761,Amir Johnson,21001079
2011-03-25,Raptors,1610612761,Reggie Evans,21001079
2011-03-25,Suns,1610612756,Mickael Pietrus,21001077
2011-03-25,Spurs,1610612759,Da'Sean Butler,21001078
2011-03-26,Bobcats,1610612766,Eduardo Najera,21001082
2011-03-26,Bobcats,1610612766,Tyrus Thomas,21001082
2011-03-26,Hawks,1610612737,Josh Powell,21001081
2011-03-26,Jazz,1610612762,Andrei Kirilenko,21001085
2011-03-26,Knicks,1610612752,Ronny Turiaf,21001082
2011-03-26,Nets,1610612751,Damion James,21001081
2011-03-26,Nets,1610612751,Quinton Ross,21001081
2011-03-26,Pistons,1610612765,Tracy McGrady,21001083
2011-03-26,Raptors,1610612761,Andrea Bargnani,21001086
2011-03-26,Raptors,1610612761,Reggie Evans,21001086
2011-03-27,Celtics,1610612738,Rajon Rondo,21001091
2011-03-27,Celtics,1610612738,Troy Murphy,21001091
2011-03-27,Hawks,1610612737,Joe Johnson,21001088
2011-03-27,Heat,1610612748,Mario Chalmers,21001089
2011-03-27,Rockets,1610612745,Terrence Williams,21001089
2011-03-27,Timberwolves,1610612750,Nikola Pekovic,21001091
2011-03-27,Wizards,1610612764,Trevor Booker,21001093
2011-03-28,76ers,1610612755,Tony Battie,21001098
2011-03-28,Bucks,1610612749,Chris Douglas-Roberts,21001096
2011-03-28,Celtics,1610612738,Troy Murphy,21001097
2011-03-28,Jazz,1610612762,Andrei Kirilenko,21001100
2011-03-28,Jazz,1610612762,Kyrylo Fesenko,21001100
2011-03-28,Magic,1610612753,J.J. Redick,21000051
2011-03-28,Magic,1610612753,Jameer Nelson,21000051
2011-03-28,Spurs,1610612759, Tony Parker,21001099
2011-03-28,Spurs,1610612759,Antonio McDyess,21001099
2011-03-28,Spurs,1610612759,Manu Ginobili,21001099
2011-03-28,Wizards,1610612764,Nick Young,21001100
2011-03-28,Wizards,1610612764,Trevor Booker,21001100
2011-03-29,Cavaliers,1610612739,Samardo Samuels,21001101
2011-03-29,Heat,1610612748,Mike Miller,21001101
2011-03-29,Nets,1610612751,Damion James,21001102
2011-03-29,Thunder,1610612760,Nick Collison,21001103
2011-03-29,Warriors,1610612744,Acie Law,21001103
2011-03-30,Bobcats,1610612766,Shaun Livingston,21001106
2011-03-30,Bobcats,1610612766,Tyrus Thomas,21001106
2011-03-30,Hornets,1610612766,Didier Mbenga ,21001106
2011-03-30,Bucks,1610612749,Larry Sanders ,21001109
2011-03-30,Bulls,1610612741,Joakim Noah,21001113
2011-03-30,Cavaliers,1610612739,Samardo Samuels,21001106
2011-03-30,Hawks,1610612737,Josh Powell,21001105
2011-03-30,Heat,1610612748,Mike Miller,21001110
2011-03-30,Kings,1610612758,Marquis Daniels,21001115
2011-03-30,Magic,1610612753,Chris Duhon,21001105
2011-03-30,Magic,1610612753,J.J. Redick,21001105
2011-03-30,Nets,1610612751,Ben Uzoh,21001111
2011-03-30,Nets,1610612751,Damion James,21001111
2011-03-30,Nuggets,1610612743,Melvin Ely,21001115
2011-03-30,Pacers,1610612754,James Posey,21001107
2011-03-30,Raptors,1610612761,Joey Dorsey,21001109
2011-03-30,Timberwolves,1610612750,Nikola Pekovic,21001113
2011-03-30,Wizards,1610612764,Nick Young,21001110
2011-03-30,Wizards,1610612764,Trevor Booker,21001110
2011-03-30,Thunder,1610612760,Cole Aldrich,21001116
2011-03-31,Celtics,1610612738,Avery Bradley,21001118
2011-03-31,Celtics,1610612738,Troy Murphy,21001118
2011-03-31,Spurs,1610612759,Chris Quinn,21001118
2011-03-31,Spurs,1610612759,Danny Green,21001118
2011-03-31,Lakers,1610612747,Derrick Caracter,21001119
2011-04-01,Bobcats,1610612766,Stephen Jackson,21001121
2011-04-01,Bobcats,1610612766,Tyrus Thomas,21001121
2011-04-01,Bucks,1610612749,Jon Brockman,21001120
2011-04-01,Cavaliers,1610612739,Samardo Samuels,21001123
2011-04-01,Celtics,1610612738,Nenad Krstic,21001125
2011-04-01,Clippers,1610612746,Chris Kaman,21001129
2011-04-01,Heat,1610612748,Mike Miller,21001126
2011-04-01,Jazz,1610612762,Andrei Kirilenko,21001132
2011-04-01,Jazz,1610612762,Raja Bell,21001132
2011-04-01,Jazz,1610612762,Ronnie Price,21001132
2011-04-01,Magic,1610612753,Chris Duhon,21001121
2011-04-01,Magic,1610612753,Gilbert Arenas,21001121
2011-04-01,Magic,1610612753,J.J. Redick,21001121
2011-04-01,Nets,1610612751,Kris Humphries,21001122
2011-04-01,Nuggets,1610612743,Kosta Koufos,21001131
2011-04-01,Pacers,1610612754,Lance Stephenson,21001120
2011-04-01,Pistons,1610612765,Tracy McGrady,21001124
2011-04-01,Suns,1610612756,Steve Nash,21001129
2011-04-01,Wizards,1610612764,Nick Young,21001123
2011-04-02,Bucks,1610612749,Carlos Delfino,21001135
2011-04-02,Clippers,1610612746,Ryan Gomes,21001137
2011-04-02,Raptors,1610612761,Andrea Bargnani,21001133
2011-04-02,Raptors,1610612761,Jose Calderon,21001133
2011-04-02,Timberwolves,1610612750,Darko Milicic,21001134
2011-04-02,Timberwolves,1610612750,Kevin Love,21001134
2011-04-03,Bobcats,1610612766,Eduardo Najera,21001141
2011-04-03,Bobcats,1610612766,Stephen Jackson,21001141
2011-04-03,Bobcats,1610612766,Tyrus Thomas,21001141
2011-04-03,Celtics,1610612738,Avery Bradley,21001140
2011-04-03,Heat,1610612748,Dexter Pittman,21001142
2011-04-03,Heat,1610612748,Jamaal Magloire,21001142
2011-04-03,Jazz,1610612762,Raja Bell,21001145
2011-04-03,Jazz,1610612762,Ronnie Price,21001145
2011-04-03,Magic,1610612753,Chris Duhon,21001144
2011-04-03,Magic,1610612753,Gilbert Arenas,21001144
2011-04-03,Magic,1610612753,J.J. Redick,21001144
2011-04-03,Magic,1610612753,Ryan Anderson,21001144
2011-04-03,Mavericks,1610612742,Tyson Chandler,21001148
2011-04-03,Nuggets,1610612743,Arron Afflalo,21001139
2011-04-03,Nuggets,1610612743,Chris Andersen,21001139
2011-04-03,Pistons,1610612765,DaJuan Summers,21001140
2011-04-03,Raptors,1610612761,Andrea Bargnani,21001144
2011-04-03,Suns,1610612756,Steve Nash,21001138
2011-04-03,Wizards,1610612764,Hamady N'Diaye,21001141
2011-04-03,Wizards,1610612764,Nick Young,21001141
2011-04-05,76ers,1610612755,Lou Williams,21001154
2011-04-05,Bobcats,1610612766,Eduardo Najera,21001150
2011-04-05,Bobcats,1610612766,Stephen Jackson,21001150
2011-04-05,Bobcats,1610612766,Tyrus Thomas,21001150
2011-04-05,Bulls,1610612741,Brian Scalabrine,21001156
2011-04-05,Cavaliers,1610612739,Samardo Samuels,21001150
2011-04-05,Celtics,1610612738,Shaquille O'Neal,21001154
2011-04-05,Celtics,1610612738,Von Wafer,21001154
2011-04-05,Clippers,1610612746,Ryan Gomes,21001157
2011-04-05,Hawks,1610612737,Josh Smith,21001149
2011-04-05,Jazz,1610612762,Kyrylo Fesenko,21001161
2011-04-05,Jazz,1610612762,Raja Bell,21001161
2011-04-05,Jazz,1610612762,Ronnie Price,21001161
2011-04-05,Knicks,1610612752,Roger Mason Jr.,21001155
2011-04-05,Magic,1610612753,J.J. Redick,21001152
2011-04-05,Nets,1610612751,Anthony Morrow,21001151
2011-04-05,Nuggets,1610612743,Arron Afflalo,21001159
2011-04-05,Pistons,1610612765,Charlie Villanueva,21001153
2011-04-05,Raptors,1610612761,Leandro Barbosa,21001155
2011-04-05,Spurs,1610612759,James Anderson,21001149
2011-04-05,Timberwolves,1610612750,Darko Milicic,21001151
2011-04-05,Timberwolves,1610612750,Kevin Love,21001151
2011-04-05,Wizards,1610612764,Cartier Martin,21001153
2011-04-05,Wizards,1610612764,Hamady N'Diaye,21001153
2011-04-05,Wizards,1610612764,Nick Young,21001153
2011-04-06,Bobcats,1610612766,Eduardo Najera,21001162
2011-04-06,Bobcats,1610612766,Stephen Jackson,21001162
2011-04-06,Bobcats,1610612766,Tyrus Thomas,21001162
2011-04-06,Heat,1610612748,Dwyane Wade,21001164
2011-04-06,Magic,1610612753,J.J. Redick,21001162
2011-04-06,Magic,1610612753,Jason Richardson,21001162
2011-04-06,Mavericks,1610612742,Jason Kidd,21001172
2011-04-06,Nets,1610612751,Anthony Morrow,21001167
2011-04-06,Nets,1610612751,Damion James,21001167
2011-04-06,Nets,1610612751,Deron Williams,21001167
2011-04-06,Nuggets,1610612743,Timofey Mozgov,21001172
2011-04-06,Pistons,1610612765,Ben Wallace,21001167
2011-04-06,Raptors,1610612761,Amir Johnson,21001166
2011-04-06,Raptors,1610612761,Andrea Bargnani,21001166
2011-04-06,Timberwolves,1610612750,Kevin Love,21001168
2011-04-06,Wizards,1610612764,Hamady N'Diaye,21001163
2011-04-06,Wizards,1610612764,Nick Young,21001163
2011-04-07,Blazers,1610612757,Marcus Camby,21001175
2011-04-07,Jazz,1610612762,Kyrylo Fesenko,21001175
2011-04-07,Jazz,1610612762,Raja Bell,21001175
2011-04-07,Jazz,1610612762,Ronnie Price,21001175
2011-04-08,Blazers,1610612757,Marcus Camby,21001187
2011-04-08,Bobcats,1610612766,Eduardo Najera,21001182
2011-04-08,Bobcats,1610612766,Stephen Jackson,21001182
2011-04-08,Bobcats,1610612766,Tyrus Thomas,21001182
2011-04-08,Bucks,1610612749,Andrew Bogut,21001181
2011-04-08,Bucks,1610612749,Chris Douglas-Roberts,21001181
2011-04-08,Cavaliers,1610612739,Samardo Samuels,21001180
2011-04-08,Celtics,1610612738,Jermaine O'Neal,21001179
2011-04-08,Clippers,1610612746,Chris Kaman,21001186
2011-04-08,Hawks,1610612737,Jason Collins,21001176
2011-04-08,Heat,1610612748,Jamaal Magloire,21001182
2011-04-08,Knicks,1610612752,Amar'e Stoudemire,21001177
2011-04-08,Knicks,1610612752,Andy Rautins,21001177
2011-04-08,Mavericks,1610612742,Jason Kidd,21001186
2011-04-08,Nets,1610612751,Anthony Morrow,21001177
2011-04-08,Nuggets,1610612743,Timofey Mozgov,21001185
2011-04-08,Pistons,1610612765,Will Bynum,21001181
2011-04-08,Raptors,1610612761,Jose Calderon,21001178
2011-04-08,Suns,1610612756,Steve Nash,21001184
2011-04-08,Wizards,1610612764,Hamady N'Diaye,21001179
2011-04-08,Wizards,1610612764,Nick Young,21001179
2011-04-09,Bucks,1610612749,Jon Brockman,21001190
2011-04-09,Cavaliers,1610612739,Samardo Samuels,21001190
2011-04-09,Clippers,1610612746,Chris Kaman,21001189
2011-04-09,Jazz,1610612762,Kyrylo Fesenko,21001191
2011-04-09,Jazz,1610612762,Ronnie Price,21001191
2011-04-09,Nuggets,1610612743,Timofey Mozgov,21001192
2011-04-09,Nuggets,1610612743,Wilson Chandler,21001192
2011-04-09,Rockets,1610612745,Kyle Lowry,21001189
2011-04-09,Rockets,1610612745,Luis Scola,21001189
2011-04-09,Spurs,1610612759,Antonio McDyess,21001191
2011-04-09,Timberwolves,1610612750,Darko Milicic,21001192
2011-04-09,Wizards,1610612764,Hamady N'Diaye,21001188
2011-04-09,Wizards,1610612764,Nick Young,21001188
2011-04-10,Bobcats,1610612766,Eduardo Najera,21001195
2011-04-10,Bobcats,1610612766,Stephen Jackson,21001195
2011-04-10,Bobcats,1610612766,Tyrus Thomas,21001195
2011-04-10,Celtics,1610612738,Avery Bradley,21001194
2011-04-10,Heat,1610612748,Erick Dampier,21001194
2011-04-10,Magic,1610612753,J.J. Redick,21001193
2011-04-10,Mavericks,1610612742,Ian Mahinmi,21001199
2011-04-10,Nets,1610612751,Anthony Morrow,21001196
2011-04-10,Nets,1610612751,Damion James,21001196
2011-04-10,Pacers,1610612754,James Posey,21001198
2011-04-10,Pistons,1610612765,DaJuan Summers,21001195
2011-04-10,Pistons,1610612765,Will Bynum,21001195
2011-04-10,Raptors,1610612761,Amir Johnson,21001196
2011-04-10,Raptors,1610612761,Jose Calderon,21001196
2011-04-10,Raptors,1610612761,Sonny Weems,21001196
2011-04-10,Thunder,1610612760,Robert Vaden,21001201
2011-04-11,76ers,1610612755,Andre Iguodala,21001204
2011-04-11,Bobcats,1610612766,Eduardo Najera,21001203
2011-04-11,Bobcats,1610612766,Stephen Jackson,21001203
2011-04-11,Bobcats,1610612766,Tyrus Thomas,21001203
2011-04-11,Cavaliers,1610612739,Anthony Parker,21001206
2011-04-11,Celtics,1610612738,Kevin Garnett,21001205
2011-04-11,Celtics,1610612738,Paul Pierce,21001205
2011-04-11,Celtics,1610612738,Rajon Rondo,21001205
2011-04-11,Celtics,1610612738,Ray Allen,21001205
2011-04-11,Hawks,1610612737,Pape Sy,21001202
2011-04-11,Hawks,1610612737,Magnum Rolle,21001202
2011-04-11,Jazz,1610612762,Kyrylo Fesenko,21001208
2011-04-11,Jazz,1610612762,Ronnie Price,21001208
2011-04-11,Kings,1610612758,Tyreke Evans,21001212
2011-04-11,Magic,1610612753,Gilbert Arenas,21001204
2011-04-11,Magic,1610612753,J.J. Redick,21001204
2011-04-11,Mavericks,1610612742,Brendan Haywood,21001209
2011-04-11,Nets,1610612751,Anthony Morrow,21001203
2011-04-11,Nets,1610612751,Damion James,21001203
2011-04-11,Nets,1610612751,Deron Williams,21001203
2011-04-11,Nets,1610612751,Mario West,21001203
2011-04-11,Nuggets,1610612743,Al Harrington,21001210
2011-04-11,Nuggets,1610612743,Danilo Gallinari,21001210
2011-04-11,Nuggets,1610612743,Timofey Mozgov,21001210
2011-04-11,Nuggets,1610612743,Wilson Chandler,21001210
2011-04-11,Pistons,1610612765,Tracy McGrady,21001206
2011-04-11,Pistons,1610612765,Will Bynum,21001206
2011-04-11,Raptors,1610612761,Amir Johnson,21001207
2011-04-11,Raptors,1610612761,Linas Kleiza,21001207
2011-04-11,Raptors,1610612761,Reggie Evans,21001207
2011-04-11,Raptors,1610612761,Sonny Weems,21001207
2011-04-11,Rockets,1610612745,Kyle Lowry,21001209
2011-04-11,Rockets,1610612745,Luis Scola,21001209
2011-04-11,Suns,1610612756,Vince Carter,21001211
2011-04-11,Timberwolves,1610612750,Darko Milicic,21001211
2011-04-11,Warriors,1610612744,Monta Ellis,21001210
2011-04-11,Wizards,1610612764,Hamady N'Diaye,21001205
2011-04-11,Wizards,1610612764,Nick Young,21001205
2011-04-12,Blazers,1610612757,Luke Babbitt,21001214
2011-04-12,Grizzlies,1610612763,Tony Allen,21001214
2011-04-12,Grizzlies,1610612763,Zach Randolph,21001214
2011-04-12,Lakers,1610612747,Andrew Bynum,21001215
2011-04-12,Lakers,1610612747,Matt Barnes,21001215
2011-04-12,Lakers,1610612747,Steve Blake,21001215
2011-04-12,Spurs,1610612759, Tony Parker,21001215
2011-04-12,Spurs,1610612759,Manu Ginobili,21001215
2011-04-12,Spurs,1610612759,Tim Duncan,21001215
2011-04-13,Blazers,1610612757,Brandon Roy,21001227
2011-04-13,Blazers,1610612757,Gerald Wallace,21001227
2011-04-13,Blazers,1610612757,LaMarcus Aldridge,21001227
2011-04-13,Blazers,1610612757,Marcus Camby,21001227
2011-04-13,Blazers,1610612757,Nicolas Batum,21001227
2011-04-13,Bobcats,1610612766,Eduardo Najera,21001217
2011-04-13,Bobcats,1610612766,Stephen Jackson,21001217
2011-04-13,Bobcats,1610612766,Tyrus Thomas,21001217
2011-04-13,Bulls,1610612741,Ronnie Brewer,21001222
2011-04-13,Cavaliers,1610612739,Baron Davis,21001218
2011-04-13,Cavaliers,1610612739,Semih Erden,21001218
2011-04-13,Celtics,1610612738,Delonte West,21001216
2011-04-13,Celtics,1610612738,Jermaine O'Neal,21001216
2011-04-13,Celtics,1610612738,Paul Pierce,21001216
2011-04-13,Celtics,1610612738,Ray Allen,21001216
2011-04-13,Clippers,1610612746,Chris Kaman,21001228
2011-04-13,Grizzlies,1610612763,Mike Conley Jr.,21001228
2011-04-13,Grizzlies,1610612763,Tony Allen,21001228
2011-04-13,Grizzlies,1610612763,Zach Randolph,21001228
2011-04-13,Hawks,1610612737,Hilton Armstrong,21001217
2011-04-13,Heat,1610612748,Chris Bosh,21001221
2011-04-13,Heat,1610612748,Dwyane Wade,21001221
2011-04-13,Heat,1610612748,LeBron James,21001221
2011-04-13,Heat,1610612748,Mike Miller,21001221
2011-04-13,Jazz,1610612762,C.J. Miles,21001226
2011-04-13,Jazz,1610612762,Kyrylo Fesenko,21001226
2011-04-13,Jazz,1610612762,Ronnie Price,21001226
2011-04-13,Knicks,1610612752,Carmelo Anthony,21001216
2011-04-13,Knicks,1610612752,Chauncey Billups,21001216
2011-04-13,Lakers,1610612747,Andrew Bynum,21001230
2011-04-13,Lakers,1610612747,Matt Barnes,21001230
2011-04-13,Magic,1610612753,Gilbert Arenas,21001219
2011-04-13,Magic,1610612753,J.J. Redick,21001219
2011-04-13,Nets,1610612751,Anthony Morrow,21001222
2011-04-13,Nets,1610612751,Damion James,21001222
2011-04-13,Nets,1610612751,Mario West,21001222
2011-04-13,Nuggets,1610612743,Arron Afflalo,21001226
2011-04-13,Nuggets,1610612743,Danilo Gallinari,21001226
2011-04-13,Nuggets,1610612743,Kenyon Martin,21001226
2011-04-13,Nuggets,1610612743,Nene Hilario ,21001226
2011-04-13,Nuggets,1610612743,Raymond Felton,21001226
2011-04-13,Pacers,1610612754,Danny Granger,21001219
2011-04-13,Pistons,1610612765,Tracy McGrady,21001220
2011-04-13,Pistons,1610612765,Will Bynum,21001220
2011-04-13,Raptors,1610612761,Amir Johnson,21001221
2011-04-13,Raptors,1610612761,Jose Calderon,21001221
2011-04-13,Raptors,1610612761,Reggie Evans,21001221
2011-04-13,Raptors,1610612761,Sonny Weems,21001221
2011-04-13,Rockets,1610612745,Kyle Lowry,21001224
2011-04-13,Rockets,1610612745,Luis Scola,21001224
2011-04-13,Spurs,1610612759,Chris Quinn,21001229
2011-04-13,Spurs,1610612759,James Anderson,21001229
2011-04-13,Thunder,1610612760,Nick Collison,21001225
2011-04-13,Timberwolves,1610612750,Darko Milicic,21001224
2011-04-13,Warriors,1610612744,Monta Ellis,21001227
2011-04-13,Wizards,1610612764,Nick Young,21001218
2011-04-16,76ers,1610612755,Craig Brackins,41000111
2011-04-16,76ers,1610612755,Darius Songaila,41000111
2011-04-16,76ers,1610612755,Jason Kapono,41000111
2011-04-16,Blazers,1610612757,Luke Babbitt,41000161
2011-04-16,Bulls,1610612741,Jannero Pargo,41000101
2011-04-16,Bulls,1610612741,John Lucas III,41000101
2011-04-16,Hawks,1610612737,Pape Sy,41000131
2011-04-16,Magic,1610612753,Daniel Orton,41000131
2011-04-16,Mavericks,1610612742,Rodrigue Beaubois,41000161
2011-04-16,Pacers,1610612754,James Posey,41000101
2011-04-17,Celtics,1610612738,Avery Bradley,41000121
2011-04-17,Celtics,1610612738,Carlos Arroyo,41000121
2011-04-17,Knicks,1610612752,Derrick Brown,41000121
2011-04-17,Lakers,1610612747,Derrick Caracter,41000151
2011-04-17,Lakers,1610612747,Steve Blake,41000151
2011-04-17,Nuggets,1610612743,Arron Afflalo,41000171
2011-04-17,Nuggets,1610612743,Melvin Ely,41000171
2011-04-17,Spurs,1610612759,Manu Ginobili,41000141
2011-04-17,Thunder,1610612760,B.J. Mullens,41000171
2011-04-17,Thunder,1610612760,Cole Aldrich,41000171
2011-04-19,Hawks,1610612737,Etan Thomas,41000132
2011-04-19,Knicks,1610612752,Chauncey Billups,41000122
2011-04-20,Lakers,1610612747,Trey Johnson,41000152
2011-04-22,Magic,1610612753,Chris Duhon,41000133
2011-04-23,Nuggets,1610612743,Timofey Mozgov,41000173
2011-04-24,Hawks,1610612737,Damien Wilkins,41000134
2011-04-26,Hawks,1610612737,Etan Thomas,41000135
2011-04-26,Lakers,1610612747,Theo Ratliff,41000155
2011-04-28,Mavericks,1610612742,Corey Brewer,41000166
2011-05-01,Celtics,1610612738,Carlos Arroyo,41000211
2011-05-02,Hawks,1610612737,Kirk Hinrich,41000201
2011-05-02,Mavericks,1610612742,Rodrigue Beaubois,41000231
2011-05-09,Heat,1610612748,Jamaal Magloire,41000214
2011-05-11,Celtics,1610612738,Shaquille O'Neal,41000215
2011-05-15,Heat,1610612748,Zydrunas Ilgauskas,41000301
2011-05-22,Heat,1610612748,Jamaal Magloire,41000303
2011-05-26,Bulls,1610612741,Omer Asik,41000305
2011-05-31,Heat,1610612748,Zydrunas Ilgauskas,41000401
2011-06-05,Mavericks,1610612742,Brendan Haywood,41000403
2011-06-07,Mavericks,1610612742,Rodrigue Beaubois,41000404
2011-06-09,Mavericks,1610612742,Brendan Haywood,41000405
